{"sections":{"heading":{"type":"heading-static","blocks":{"f12aa049-7c61-4a24-a2f6-ccbf4a2b8c98":{"type":"1","settings":{"tag":"p","fontf":"inherit","text_cl":"#000","text_fs":35,"text_lh":0,"text_fw":400,"text_ls":0,"mgb":15,"font_italic":false,"font_uppercase":false,"text_shadow":false,"text_fs_tb":30,"text_lh_tb":0,"text_ls_tb":0,"mgb_tb":10,"hidden_mobile":false,"text_fs_mb":30,"text_lh_mb":0,"text_ls_mb":0,"mgb_mb":10}}},"block_order":["f12aa049-7c61-4a24-a2f6-ccbf4a2b8c98"],"settings":{"parallax":false,"bg_overlay":"#000","bg_opacity":0,"padding_top":75,"padding_bottom":75,"padding_top_tb":50,"padding_bottom_tb":50,"padding_top_mb":50,"padding_bottom_mb":50,"box_border":"top_bottom","bg_repeat":"no-repeat","bg_size":"cover","mgb":50,"mgb_tb":50,"mgb_mb":50}},"main":{"type":"main-customers-account","settings":{}}},"order":["heading","main"]}