{"sections":{"heading":{"type":"heading-article","blocks":{"c4f5d1b0-4642-4c0a-935f-f47a586ae00f":{"type":"title","settings":{"fontf":"inherit","text_cl":"#222222","text_fs":48,"text_lh":58,"text_fw":500,"text_ls":0,"mgb":10,"font_italic":false,"font_uppercase":false,"text_shadow":false,"text_fs_tb":38,"text_lh_tb":48,"text_ls_tb":0,"mgb_tb":10,"hidden_mobile":false,"text_fs_mb":32,"text_lh_mb":42,"text_ls_mb":0,"mgb_mb":10,"text_cl_trans":"#ffffff"}},"d35d0a04-d0ac-4891-bf5c-97a3bcbea607":{"type":"article_metas","settings":{"color":"#151515","color2":"#858585","show_author":true,"show_date":true,"date":"date","show_tags":true,"fontf":"inherit","mgb":0,"mgb_mb":0,"text_cl_trans":"#ffffff"}}},"block_order":["c4f5d1b0-4642-4c0a-935f-f47a586ae00f","d35d0a04-d0ac-4891-bf5c-97a3bcbea607"],"settings":{"use_specify_image":false,"parallax":false,"bg_overlay":"#000000","bg_opacity":0,"padding_top":60,"padding_bottom":65,"padding_top_tb":50,"padding_bottom_tb":55,"padding_top_mb":50,"padding_bottom_mb":50,"box_border":"top","bg_pos":"center center","bg_repeat":"no-repeat","bg_size":"cover","use_border":true,"br_bg_trans":"#ffffff","br_opacity_trans":15,"bg_overlay_trans":"#000000","bg_opacity_trans":0,"padding_top_trans":75,"padding_bottom_trans":75,"padding_top_tb_trans":50,"padding_bottom_tb_trans":50,"padding_top_mb_trans":50,"padding_bottom_mb_trans":50,"mg_b":50,"mg_btb":50,"mg_bmb":50}},"main":{"type":"main-article","blocks":{"67f4a20b-f427-49b9-a654-43686d6d7d73":{"type":"content","settings":{"dessign_content":"default","mgb":50,"mgb_tb":50,"mgb_mb":50}},"5002e48b-162c-4acd-951f-ae7cde6558c1":{"type":"tags_socials","settings":{"show_tags":true,"tags_count":false,"show_socials":true,"social_mode":"1","social_style":"outline","social_size":"medium","bd_radius":30,"use_color_set":false,"pri_cl":"#878787","pri_hover_cl":"#222222","space_h_item":"10","space_v_item":"10","space_h_item_mb":"5","space_v_item_mb":"5","mgb":30,"mgb_tb":30,"mgb_mb":30}},"7c4771f0-6b00-4a86-b3d4-5a98627fd0e2":{"type":"navigation","settings":{"image_ratio":"ratio4_3","image_size":"cover","image_position":"8","mgb":45,"mgb_tb":45,"mgb_mb":40}},"9ccefdc1-bc02-48d3-af5d-b0b50618a6ef":{"type":"custom_line","settings":{"line_style":"solid","line_width":100,"line_height":1,"line_cl":"#e6e6e6","line_pos":"bee-text-start","mgb":50,"mgb_tb":50,"mgb_mb":50}},"94269235-3fae-40fd-9875-a8746cf15d6d":{"type":"related","settings":{"hd_related":"You might also like","limit_related":6,"text_align":"start","col_dk":"3","col_tb":"2","col_mb":"1","space_h_item":"30","space_v_item":"30","space_h_item_tb":"20","space_v_item_tb":"15","space_h_item_mb":"15","space_v_item_mb":"10","image_ratio":"ratio4_3","image_position":"8","image_size":"cover","img_effect":"none","b_effect":"none","loop":true,"au_time":0,"au_hover":true,"show_btn":"hidden","btn_pos":"between","btn_distance":15,"btn_vi":"hover","btn_owl":"default","btn_shape":"none","btn_cl":"light","btn_size":"large","show_dots":"hidden","dot_owl":"default","dots_cl":"dark","dots_round":true,"dots_space":10,"dots_bottom_pos":20,"mgb":40,"mgb_tb":40,"mgb_mb":40}},"16c481dd-e11f-439b-aed2-71b8cc8608f4":{"type":"comments","settings":{"enable_full_btn":false,"button_style":"default","btn_size":"2","btn_cl":"dark","mgb":50,"mgb_tb":40,"mgb_mb":30}}},"block_order":["67f4a20b-f427-49b9-a654-43686d6d7d73","5002e48b-162c-4acd-951f-ae7cde6558c1","7c4771f0-6b00-4a86-b3d4-5a98627fd0e2","9ccefdc1-bc02-48d3-af5d-b0b50618a6ef","94269235-3fae-40fd-9875-a8746cf15d6d","16c481dd-e11f-439b-aed2-71b8cc8608f4"],"settings":{"feature_image":true,"layout":"bee-container-wrap","cl_bg":"","cl_bg_gradient":"","mg":",,50px,","pd":"","mg_tb":",,50px,","pd_tb":"","mg_mb":",,50px,","pd_mb":""}},"sidebar":{"type":"sidebar-blog","blocks":{"6c8990cc-4d9c-4bf2-9d9c-21ab146dc35b":{"type":"blog_search","settings":{"title":"Search"}},"3b1886c0-baf0-429e-850b-442988d08ef3":{"type":"blog_cate","settings":{"title":"Blog categories","cat_link_list":"menu-blogs-categories","count":true}},"89add295-8665-41cf-b64a-fc0eb3b9ce1d":{"type":"post","settings":{"title":"Popular Post","blog":"news","show_blog_title":"blog_current","show_date":true,"date":"date","limit_post":5,"image_ratio":"bee_ratio1_1","image_size":"bee_cover","image_position":"bee_position_8"}},"591f00c8-c4b4-4a9f-bab7-2e37197171dd":{"type":"newsletter","settings":{"title":"Join Our List","description":"Signup to be the first to hear about special offers","newl_des":"4","custom_width":false,"form_width":500,"form_width_tb":500,"form_width_mb":350,"sub_newsl":"","newl_size":"small","source_btn":"text","input_cl":"#868686","btn_cl":"#000000","btn_hover_cl":"#000000","border_cl":"#000000","background_cl":"#ffffff"}}},"block_order":["6c8990cc-4d9c-4bf2-9d9c-21ab146dc35b","3b1886c0-baf0-429e-850b-442988d08ef3","89add295-8665-41cf-b64a-fc0eb3b9ce1d","591f00c8-c4b4-4a9f-bab7-2e37197171dd"],"settings":{"enable_drawer":false,"cl_heading_sidebar":"#222222","fs_heading":18,"fw_heading":600,"space":50,"size":"medium","br_style":"none","brcolor":"#222222","sidebar_bdr":5,"sidebar_pd":10}}},"order":["heading","main","sidebar"]}