{"sections":{"heading":{"type":"heading-static","blocks":{"2b260b17-935d-4bb7-be36-8eb19e1a684d":{"type":"1","settings":{"tag":"h2","fontf":"inherit","text_cl":"#ffffff","text_fs":60,"text_lh":0,"text_fw":600,"text_ls":0,"mgb":0,"font_italic":false,"font_uppercase":false,"text_shadow":false,"text_fs_tb":50,"text_lh_tb":0,"text_ls_tb":0,"mgb_tb":0,"hidden_mobile":false,"text_fs_mb":40,"text_lh_mb":0,"text_ls_mb":0,"mgb_mb":0}}},"block_order":["2b260b17-935d-4bb7-be36-8eb19e1a684d"],"settings":{"image":"shopify:\/\/shop_images\/heading-blog.jpg","parallax":false,"bg_overlay":"#000000","bg_opacity":0,"padding_top":210,"padding_bottom":210,"padding_top_tb":200,"padding_bottom_tb":200,"padding_top_mb":170,"padding_bottom_mb":170,"box_border":"none","bg_repeat":"no-repeat","bg_size":"cover","mgb":0,"mgb_tb":0,"mgb_mb":0}},"tags":{"type":"blogs-tags","settings":{"source":"1","show_count":false,"enable_search_blogs":true,"layout":"bee-container-wrap","cl_bg":"","cl_bg_gradient":"","mg":"","pd":"30px,,30px,","mg_tb":"","pd_tb":"30px,,30px,","mg_mb":"","pd_mb":"30px,,30px,"}},"slider":{"type":"blogs-slider","disabled":true,"settings":{"blog":"news","limit":6,"col_dk":"3","col_tb":"2","col_mb":"1","show_author":false,"show_comment":false,"show_tag":true,"show_readmore":true,"show_date":true,"date":"date","image_ratio":"ratio4_3","image_position":"8","image_size":"cover","img_effect":"none","b_effect":"none","cl":"#ffffff","cl2":"#878787","bg":"#000000","overlay":80,"loop":true,"au_time":0,"au_hover":true,"freeScroll":false,"scrollbar":false,"center_slide":false,"show_btn":"show_all","btn_pos":"in","btn_distance":0,"btn_vi":"hover","btn_owl":"default","btn_shape":"none","btn_cl":"light","btn_size":"large","show_dots":"hidden","dot_owl":"default","dots_cl":"dark","dots_round":true,"dots_space":10,"dots_bottom_pos":20,"layout":"bee-container-fluid","cl_bg":"","cl_bg_gradient":"","mg":",,50px,","pd":"","mg_tb":",,50px,","pd_tb":"","mg_mb":",,50px,","pd_mb":""}},"sidebar":{"type":"sidebar-blog","blocks":{"3c18b792-660f-4507-8794-291df3adbfb1":{"type":"blog_search","disabled":true,"settings":{"title":"Search"}},"c700c3e1-2a61-45ba-803a-173a981a526f":{"type":"blog_cate","settings":{"title":"Blog categories","cat_link_list":"menu-blogs-categories","count":true}},"b7420830-79f9-4644-baee-72caf7212fbf":{"type":"post","settings":{"title":"Popular Post","blog":"news","show_blog_title":"blog_current","show_date":true,"date":"date","limit_post":5,"image_ratio":"bee_ratio1_1","image_size":"bee_cover","image_position":"bee_position_8"}},"097d12e1-0d72-46f2-bb9a-1c71404412f7":{"type":"newsletter","settings":{"title":"Join Our List","description":"Signup to be the first to hear about special offers","newl_des":"4","custom_width":false,"form_width":500,"form_width_tb":500,"form_width_mb":350,"sub_newsl":"","newl_size":"small","source_btn":"text","input_cl":"#868686","btn_cl":"#000000","btn_hover_cl":"#000000","border_cl":"#000000","background_cl":"#ffffff"}}},"block_order":["3c18b792-660f-4507-8794-291df3adbfb1","c700c3e1-2a61-45ba-803a-173a981a526f","b7420830-79f9-4644-baee-72caf7212fbf","097d12e1-0d72-46f2-bb9a-1c71404412f7"],"settings":{"enable_drawer":false,"cl_heading_sidebar":"#222222","fs_heading":18,"fw_heading":600,"space":50,"size":"medium","br_style":"none","brcolor":"#222222","sidebar_bdr":5,"sidebar_pd":10}},"main":{"type":"main-blog","settings":{"article_des":"1","limit":6,"text_align":"start","show_blog_title":"disable","show_content":false,"show_tags":false,"show_author":false,"show_comment":false,"show_readmore":false,"show_date":true,"date":"date","layout_des":"1","col_dk":"3","col_tb":"2","col_mb":"1","space_h_item":"30","space_v_item":"30","space_h_item_tb":"15","space_v_item_tb":"15","space_h_item_mb":"15","space_v_item_mb":"15","image_ratio":"ratio4_3","image_position":"8","image_size":"cover","img_effect":"none","b_effect":"none","use_pagination":"default","btn_replace":"","btns_size":"default","btn_icon":false,"enable_bar_lm":true,"style_bar_lm":"default","pagination_distance":60,"pagination_position":"bee-text-center","button_style":"default","btns_cl":"dark","button_effect":"default","layout":"bee-container-wrap","cl_bg":"","cl_bg_gradient":"","mg":",,100px,","pd":"","mg_tb":",,80px,","pd_tb":"","mg_mb":",,50px,","pd_mb":""}}},"order":["heading","tags","slider","sidebar","main"]}