{"sections":{"tags":{"type":"blogs-tags","settings":{"source":"2","show_count":false,"enable_search_blogs":true,"layout":"bee-container-wrap","cl_bg":"","cl_bg_gradient":"","mg":"","pd":"30px,,30px,","mg_tb":"","pd_tb":"30px,,30px,","mg_mb":"","pd_mb":"30px,,30px,"}},"slider":{"type":"blogs-slider","disabled":true,"settings":{"blog":"","limit":6,"col_dk":"3","col_tb":"2","col_mb":"1","show_author":false,"show_comment":false,"show_tag":true,"show_readmore":true,"show_date":true,"date":"date","image_ratio":"ratio4_3","image_position":"8","image_size":"cover","img_effect":"none","b_effect":"none","cl":"#ffffff","cl2":"#878787","bg":"#000000","overlay":80,"loop":true,"au_time":0,"au_hover":true,"freeScroll":false,"scrollbar":false,"center_slide":false,"show_btn":"show_all","btn_pos":"in","btn_distance":15,"btn_vi":"hover","btn_owl":"default","btn_shape":"none","btn_cl":"light","btn_size":"large","show_dots":"hidden","dot_owl":"default","dots_cl":"dark","dots_round":true,"dots_space":10,"dots_bottom_pos":20,"layout":"bee-container-wrap","cl_bg":"","cl_bg_gradient":"","mg":",,50px,","pd":"","mg_tb":",,30px,","pd_tb":"","mg_mb":",,30px,","pd_mb":""}},"main":{"type":"main-blog-packery","settings":{"featured_article_des":"4","article_des":"3","limit":10,"text_align":"start","show_blog_title":"blog_current","show_content":true,"show_tags":false,"show_author":true,"show_comment":false,"show_readmore":false,"show_date":true,"date":"%b %d","col_dk":"4","col_tb":"3","col_mb":"1","space_h_item":"30","space_v_item":"30","space_h_item_tb":"20","space_v_item_tb":"20","space_h_item_mb":"10","space_v_item_mb":"10","image_ratio":"ratio4_3","image_position":"8","image_size":"cover","img_effect":"zoom","b_effect":"none","use_pagination":"default","btn_replace":"","btns_size":"default","btn_icon":false,"enable_bar_lm":true,"style_bar_lm":"default","pagination_distance":60,"pagination_position":"bee-text-center","button_style":"default","btns_cl":"dark","button_effect":"default","layout":"bee-container-wrap","cl_bg":"","cl_bg_gradient":"","mg":",,100px,","pd":"","mg_tb":",,80px,","pd_tb":"","mg_mb":",,50px,","pd_mb":""}}},"order":["tags","slider","main"]}