{"sections":{"heading":{"type":"heading-dynamic","blocks":{"53dd1a63-d07d-45b5-a14b-2cda6b6a7e39":{"type":"1","settings":{"heading":"","tag":"p","fontf":"inherit","text_cl":"#000000","text_fs":40,"text_lh":56,"text_fw":300,"text_ls":0,"mgb":10,"font_italic":false,"font_uppercase":false,"text_shadow":false,"text_fs_tb":35,"text_lh_tb":46,"text_ls_tb":0,"mgb_tb":20,"hidden_mobile":false,"text_fs_mb":35,"text_lh_mb":46,"text_ls_mb":0,"mgb_mb":20}}},"block_order":["53dd1a63-d07d-45b5-a14b-2cda6b6a7e39"],"settings":{"parallax":false,"bg_overlay":"#000","bg_opacity":0,"padding_top":75,"padding_bottom":75,"padding_top_tb":50,"padding_bottom_tb":50,"padding_top_mb":50,"padding_bottom_mb":50,"box_border":"top_bottom","bg_repeat":"no-repeat","bg_size":"cover","mgb":50,"mgb_tb":50,"mgb_mb":50}},"main":{"type":"main-cart","blocks":{"7ae36ee3-69ee-4193-a9c8-e4fb01d54da8":{"type":"price","settings":{}},"4223bbdd-239e-46cb-b9e8-8f4db6bad70c":{"type":"tax","settings":{}},"bc195d9c-d80f-4526-92ec-a0a545b95312":{"type":"agree","settings":{}},"044c4450-236d-4b44-8e76-9065a3c96fad":{"type":"btnmr","settings":{}},"d963a3d7-9520-4509-814e-c5216d43bf55":{"type":"img","settings":{"image":"shopify:\/\/shop_images\/trush-cart.png"}},"a3fa1e8e-c3b5-4931-aede-9c6e961e1a8a":{"type":"btnck","settings":{}}},"block_order":["7ae36ee3-69ee-4193-a9c8-e4fb01d54da8","4223bbdd-239e-46cb-b9e8-8f4db6bad70c","bc195d9c-d80f-4526-92ec-a0a545b95312","044c4450-236d-4b44-8e76-9065a3c96fad","d963a3d7-9520-4509-814e-c5216d43bf55","a3fa1e8e-c3b5-4931-aede-9c6e961e1a8a"],"settings":{"enable_calc_ship":true,"enable_note":true,"enable_rates":true,"enable_discount":true,"enable_gift_wrap":true,"ship_df_country":"United States"}}},"order":["heading","main"]}