{"sections":{"heading":{"type":"heading-collection","blocks":{"2b260b17-935d-4bb7-be36-8eb19e1a684d":{"type":"1","settings":{"fontf":"inherit","text_cl":"#27262c","text_fs":72,"text_lh":100,"text_fw":600,"text_ls":0,"font_italic":false,"font_uppercase":false,"text_shadow":false,"mgb":10,"text_fs_tb":50,"text_lh_tb":70,"text_ls_tb":0,"mgb_tb":10,"hidden_mobile":false,"text_fs_mb":40,"text_lh_mb":52,"text_ls_mb":0,"mgb_mb":10,"text_cl_trans":"#27262c"}},"5510cf35-6438-4042-85aa-5bc832df58ba":{"type":"3","settings":{"breadcrumb_color":"#27262c","breadcrumb_color_link":"#817f8a","brc_mgb":0,"breadcrumb_cl_trans":"#817f8a","breadcrumb_color_link_trans":"#27262c"}}},"block_order":["2b260b17-935d-4bb7-be36-8eb19e1a684d","5510cf35-6438-4042-85aa-5bc832df58ba"],"settings":{"image":"shopify:\/\/shop_images\/heading-cl-bg.jpg","use_specify_image":true,"parallax":false,"bg_overlay":"#f5f5f5","bg_opacity":0,"padding_top":285,"padding_bottom":230,"mgb":0,"padding_top_tb":185,"padding_bottom_tb":130,"mgb_tb":0,"padding_top_mb":185,"padding_bottom_mb":100,"mgb_mb":0,"box_border":"top_bottom","bg_repeat":"no-repeat","bg_size":"cover","show_border":true,"cl_bd_trans":"#ffffff","border_cl_trans":15,"color_trans":"#f5f5f5","overlay_trans":0,"padding_top_trans":285,"padding_bottom_trans":230,"padding_top_tb_trans":185,"padding_bottom_tb_trans":130,"padding_top_mb_trans":185,"padding_bottom_mb_trans":100}},"main":{"type":"main-collection-packery","blocks":{"filter_id":{"type":"filter","settings":{"style_filters":"sidebar"}},"sortby_id":{"type":"sortby","settings":{}}},"block_order":["filter_id","sortby_id"],"settings":{"show_desc":false,"position_desc":"2","show_vendor":true,"use_cdt":true,"image_ratio":"ratioadapt","image_size":"cover","image_position":"8","content_align":"default","limit":12,"col_dk":"4","col_tb":"3","col_mb":"2","space_h_item":"30","space_v_item":"30","space_h_item_tb":"15","space_v_item_tb":"30","space_h_item_mb":"15","space_v_item_mb":"30","use_pagination":"default","btn_replace":"","btns_size":"default","btn_icon":false,"enable_bar_lm":true,"style_bar_lm":"default","progress_bar_primary_cl":"#e6e5ed","progress_bar_second_cl":"#bfbec8","progress_bar_text_cl":"#27262c","progress_bar_active_cl":"#4c4b51","pagination_distance":32,"pagination_position":"bee-text-center","button_style":"default","btns_cl":"dark","button_effect":"default","type_filters":"facets","layout":"bee-container-wrap","cl_bg":"","cl_bg_gradient":"","mg":",,55px,","pd":"","mg_tb":",,55px,","pd_tb":"","mg_mb":",,50px,","pd_mb":""}}},"order":["heading","main"]}