{"sections":{"heading":{"type":"heading-collection","blocks":{"2b260b17-935d-4bb7-be36-8eb19e1a684d":{"type":"1","settings":{"fontf":"inherit","text_cl":"#27262c","text_fs":72,"text_lh":100,"text_fw":600,"text_ls":0,"font_italic":false,"font_uppercase":false,"text_shadow":false,"mgb":10,"text_fs_tb":50,"text_lh_tb":70,"text_ls_tb":0,"mgb_tb":10,"hidden_mobile":false,"text_fs_mb":40,"text_lh_mb":52,"text_ls_mb":0,"mgb_mb":10,"text_cl_trans":"#27262c"}},"5510cf35-6438-4042-85aa-5bc832df58ba":{"type":"3","settings":{"breadcrumb_color":"#27262c","breadcrumb_color_link":"#817f8a","brc_mgb":0,"breadcrumb_cl_trans":"#817f8a","breadcrumb_color_link_trans":"#27262c"}}},"block_order":["2b260b17-935d-4bb7-be36-8eb19e1a684d","5510cf35-6438-4042-85aa-5bc832df58ba"],"settings":{"image":"shopify:\/\/shop_images\/heading-cl-bg.jpg","use_specify_image":true,"parallax":false,"bg_overlay":"#f5f5f5","bg_opacity":0,"padding_top":285,"padding_bottom":230,"mgb":0,"padding_top_tb":185,"padding_bottom_tb":130,"mgb_tb":0,"padding_top_mb":185,"padding_bottom_mb":100,"mgb_mb":0,"box_border":"top_bottom","bg_repeat":"no-repeat","bg_size":"cover","show_border":true,"cl_bd_trans":"#ffffff","border_cl_trans":15,"color_trans":"#f5f5f5","overlay_trans":0,"padding_top_trans":285,"padding_bottom_trans":230,"padding_top_tb_trans":185,"padding_bottom_tb_trans":130,"padding_top_mb_trans":185,"padding_bottom_mb_trans":100}},"main":{"type":"main-collection","blocks":{"filter_id":{"type":"filter","settings":{"style_filters":"sidebar"}},"layout_id":{"type":"layout","settings":{"switch_style":"2"}},"sortby_id":{"type":"sortby","settings":{}}},"block_order":["filter_id","layout_id","sortby_id"],"settings":{"show_desc":false,"position_desc":"2","product_des":"1","show_vendor":false,"use_cdt":true,"image_ratio":"rationt","image_size":"cover","image_position":"8","content_align":"default","limit":12,"enable_listing":true,"enable_listing_default":false,"col_dk":"4","col_tb":"3","col_mb":"2","space_h_item":"30","space_v_item":"30","space_h_item_tb":"15","space_v_item_tb":"30","space_h_item_mb":"15","space_v_item_mb":"15","layout_des":"1","use_pagination":"infinite","btn_replace":"","btns_size":"default","btn_icon":false,"enable_bar_lm":true,"style_bar_lm":"default","progress_bar_primary_cl":"#E6E5ED","progress_bar_second_cl":"#BFBEC8","progress_bar_text_cl":"#27262C","progress_bar_active_cl":"#4C4B51","pagination_distance":20,"pagination_position":"bee-text-center","button_style":"default","btns_cl":"dark","button_effect":"default","type_filters":"facets","layout":"bee-container-wrap","cl_bg":"","cl_bg_gradient":"","mg":",,55px,","pd":"","mg_tb":",,55px,","pd_tb":"","mg_mb":",,50px,","pd_mb":""}},"sidebar":{"type":"sidebar-collection","disabled":true,"blocks":{"ec52daeb-0e0e-46b1-a34c-82a9a3af50fd":{"type":"category","settings":{"heading":"Product categories","cat_source":"1","cat_link_list":"","count":false}},"792f4b43-7cf7-44d0-98e9-936ce79a7063":{"type":"cus_socials","settings":{"heading":"Follow us","fontf":"inherit","text_cl":"#ffffff","text_fs":16,"text_lh":19,"text_fw":400,"text_ls":0,"text_fs_tb":16,"text_lh_tb":0,"text_ls_tb":0,"text_fs_mb":16,"text_lh_mb":0,"text_ls_mb":0,"social_mode":"1","social_style":"default","social_size":"medium","bd_radius":0,"use_color_set":false,"pri_cl":"#868686","pri_hover_cl":"#000000","space_h_item":"5","space_v_item":"5","space_h_item_mb":"2","space_v_item_mb":"2"}},"758e20ba-a98a-4377-8164-cd2b01bd006e":{"type":"shipping","settings":{"heading":"Shipping & Delivery","border_shipping":false,"align_shipping":false,"shipping_1":"las la-truck|FREE SHIPPING|Free shipping for all US order","shipping_2":"las la-headset|SUPPORT 24\/7|We support 24 hours a day","shipping_3":"las la-exchange-alt|30 DAYS RETURN|You have 30 days to return","shipping_4":"","shipping_5":"","shipping_6":""}},"2de681c5-be86-4389-8ce5-0cfe3747d2c4":{"type":"collection","settings":{"heading":"Sale products","collection":"women","limit_pr":4,"image_ratio":"bee_ratioadapt","image_size":"bee_cover","image_position":"bee_position_8"}}},"block_order":["ec52daeb-0e0e-46b1-a34c-82a9a3af50fd","792f4b43-7cf7-44d0-98e9-936ce79a7063","758e20ba-a98a-4377-8164-cd2b01bd006e","2de681c5-be86-4389-8ce5-0cfe3747d2c4"],"settings":{"enable_drawer":false,"enable_accordion_sidebar":true,"space":20,"size":"medium","heading_uppercase":"uppercase","br_style":"none","brcolor":"#222222","sidebar_bdr":5,"sidebar_pd":0}}},"order":["heading","main","sidebar"]}