{"sections":{"3cab99f8-0c98-434e-8dee-45e6e7a03b0b":{"type":"slideshow","blocks":{"template--16532421640444__3cab99f8-0c98-434e-8dee-45e6e7a03b0b-1667967984b554d88e-0":{"type":"image_parent","settings":{"image":"shopify:\/\/shop_images\/Layer_514.jpg","image_position":"8","cl_img":"","link_img1":"","open_link":"_blank","animate_slide":"none","text_align":"start","text_align_tb":"start","text_align_mb":"start","content_width":"container","cv_pos":50,"ch_pos":50,"cv_pos_tb":50,"ch_pos_tb":50,"cv_pos_mb":50,"ch_pos_mb":50,"bg_overlay":"#000000","bg_opacity":0,"bg_content_cl":"#ffffff","bg_content_op":0,"content_pd_tb":15,"content_pd_lr":15,"content_pd_tb_mb":10,"content_pd_lr_mb":10,"border_bl":false,"br_color":"#222222","br_bg":"#ffffff","br_opacity":50,"br_style":"solid","br_pd":20,"br_pd_mb":10,"time_animation":1,"animation_delay":40}},"template--16532421640444__3cab99f8-0c98-434e-8dee-45e6e7a03b0b-1667967984b554d88e-1":{"type":"custom_text","settings":{"text":"Fall-Winter <br>Clearance Sales","remove_br_tag":false,"tag":"h2","fontf":"inherit","text_cl":"#151515","text_fs":72,"text_lh":72,"text_fw":500,"text_ls":0,"mgb":32,"font_italic":false,"text_shadow":false,"text_fs_tb":50,"text_lh_tb":50,"text_ls_tb":0,"mgb_tb":30,"hidden_mobile":false,"text_fs_mb":30,"text_lh_mb":40,"text_ls_mb":0,"mgb_mb":30,"animation":"fadeInRight"}},"76c81687-81ae-4964-bcfb-a695d5c39cc8":{"type":"custom_button","settings":{"button_text":"See all products","button_link":"shopify:\/\/collections\/all","target_link":"_self","fontf":"inherit","button_style":"outline","icon_style":"1","button_icon_w":0,"border_w":2,"button_effect":"fade","pri_cl":"#27262c","second_cl":"#27262c","pri_cl_hover":"#000000","second_cl_hover":"#ffffff","fsbutton":16,"fwbutton":500,"button_ls":0,"button_mh":56,"button_bdr":4,"button_pd_lr":32,"mgb":0,"button_icon_w_tb":0,"fsbutton_tb":14,"button_mh_tb":46,"button_pd_lr_tb":30,"button_ls_tb":0,"mgb_tb":0,"hidden_mobile":false,"button_icon_w_mb":0,"fsbutton_mb":14,"button_mh_mb":40,"button_pd_lr_mb":30,"button_ls_mb":0,"mgb_mb":0,"animation":"fadeInRight"}},"template--16532421640444__3cab99f8-0c98-434e-8dee-45e6e7a03b0b-1667967984b554d88e-3":{"type":"image_parent","settings":{"image_position":"8","cl_img":"","link_img1":"","open_link":"_blank","animate_slide":"none","text_align":"start","text_align_tb":"end","text_align_mb":"center","content_width":"auto","cv_pos":50,"ch_pos":80,"cv_pos_tb":50,"ch_pos_tb":80,"cv_pos_mb":60,"ch_pos_mb":50,"bg_overlay":"#000000","bg_opacity":0,"bg_content_cl":"#ffffff","bg_content_op":0,"content_pd_tb":15,"content_pd_lr":15,"content_pd_tb_mb":10,"content_pd_lr_mb":10,"border_bl":false,"br_color":"#222222","br_bg":"#ffffff","br_opacity":50,"br_style":"solid","br_pd":20,"br_pd_mb":10,"time_animation":1,"animation_delay":40}},"template--16532421640444__3cab99f8-0c98-434e-8dee-45e6e7a03b0b-1667967984b554d88e-4":{"type":"custom_text","settings":{"text":"They’re buying <br> into this season","remove_br_tag":false,"tag":"h2","fontf":"inherit","text_cl":"#151515","text_fs":72,"text_lh":72,"text_fw":500,"text_ls":0,"mgb":32,"font_italic":false,"text_shadow":false,"text_fs_tb":50,"text_lh_tb":50,"text_ls_tb":0,"mgb_tb":30,"hidden_mobile":false,"text_fs_mb":30,"text_lh_mb":40,"text_ls_mb":0,"mgb_mb":30,"animation":"fadeInRight"}},"76c81687-81ae-4964-bcfb-a695d5c39cc9":{"type":"custom_button","settings":{"button_text":"See all products","button_link":"shopify:\/\/collections\/all","target_link":"_self","fontf":"inherit","button_style":"outline","icon_style":"1","button_icon_w":0,"border_w":2,"button_effect":"fade","pri_cl":"#27262c","second_cl":"#27262c","pri_cl_hover":"#000000","second_cl_hover":"#ffffff","fsbutton":16,"fwbutton":500,"button_ls":0,"button_mh":56,"button_bdr":4,"button_pd_lr":32,"mgb":0,"button_icon_w_tb":0,"fsbutton_tb":14,"button_mh_tb":46,"button_pd_lr_tb":30,"button_ls_tb":0,"mgb_tb":0,"hidden_mobile":false,"button_icon_w_mb":0,"fsbutton_mb":14,"button_mh_mb":40,"button_pd_lr_mb":30,"button_ls_mb":0,"mgb_mb":0,"animation":"fadeInRight"}},"template--16532421640444__3cab99f8-0c98-434e-8dee-45e6e7a03b0b-1667967984b554d88e-6":{"type":"image_parent","settings":{"image":"shopify:\/\/shop_images\/Layer_1_copy.jpg","image_position":"8","cl_img":"","link_img1":"","open_link":"_blank","animate_slide":"none","text_align":"center","text_align_tb":"center","text_align_mb":"center","content_width":"container","cv_pos":50,"ch_pos":50,"cv_pos_tb":50,"ch_pos_tb":50,"cv_pos_mb":50,"ch_pos_mb":50,"bg_overlay":"#000000","bg_opacity":0,"bg_content_cl":"#ffffff","bg_content_op":0,"content_pd_tb":15,"content_pd_lr":15,"content_pd_tb_mb":10,"content_pd_lr_mb":10,"border_bl":false,"br_color":"#222222","br_bg":"#ffffff","br_opacity":50,"br_style":"solid","br_pd":20,"br_pd_mb":10,"time_animation":1,"animation_delay":40}},"template--16532421640444__3cab99f8-0c98-434e-8dee-45e6e7a03b0b-1667967984b554d88e-7":{"type":"custom_text","settings":{"text":"A seasonless essential","remove_br_tag":false,"tag":"h2","fontf":"inherit","text_cl":"#151515","text_fs":72,"text_lh":72,"text_fw":500,"text_ls":0,"mgb":32,"font_italic":false,"text_shadow":false,"text_fs_tb":50,"text_lh_tb":50,"text_ls_tb":0,"mgb_tb":30,"hidden_mobile":false,"text_fs_mb":30,"text_lh_mb":40,"text_ls_mb":0,"mgb_mb":30,"animation":"fadeInUp"}},"template--16532421640444__3cab99f8-0c98-434e-8dee-45e6e7a03b0b-1667967984b554d88e-8":{"type":"custom_text","settings":{"text":"Cut in crisp white cotton, the amber wrap style is a <br>modern take on the classic button-down shirt","remove_br_tag":true,"tag":"p","fontf":"inherit","text_cl":"#151515","text_fs":24,"text_lh":34,"text_fw":400,"text_ls":0,"mgb":25,"font_italic":false,"text_shadow":false,"text_fs_tb":20,"text_lh_tb":30,"text_ls_tb":0,"mgb_tb":10,"hidden_mobile":false,"text_fs_mb":16,"text_lh_mb":26,"text_ls_mb":0,"mgb_mb":10,"animation":"fadeInUp"}}},"block_order":["template--16532421640444__3cab99f8-0c98-434e-8dee-45e6e7a03b0b-1667967984b554d88e-0","template--16532421640444__3cab99f8-0c98-434e-8dee-45e6e7a03b0b-1667967984b554d88e-1","76c81687-81ae-4964-bcfb-a695d5c39cc8","template--16532421640444__3cab99f8-0c98-434e-8dee-45e6e7a03b0b-1667967984b554d88e-3","template--16532421640444__3cab99f8-0c98-434e-8dee-45e6e7a03b0b-1667967984b554d88e-4","76c81687-81ae-4964-bcfb-a695d5c39cc9","template--16532421640444__3cab99f8-0c98-434e-8dee-45e6e7a03b0b-1667967984b554d88e-6","template--16532421640444__3cab99f8-0c98-434e-8dee-45e6e7a03b0b-1667967984b554d88e-7","template--16532421640444__3cab99f8-0c98-434e-8dee-45e6e7a03b0b-1667967984b554d88e-8"],"settings":{"se_height":"bee_ratioadapt_mix","custom_dk":true,"height_dk":1080,"custom_tb":true,"height_tb":860,"custom_mb":true,"height_mb":400,"eff":"slide","loop":true,"au_time":0,"au_hover":true,"show_btn":"hidden","btn_distance":90,"nav_btn_icon":"default","btn_vi":"always","btn_owl":"outline","btn_shape":"round","btn_cl":"dark","btn_size":"small","btn_pos":"default","btn_align":"left","nav_space":10,"nav_pos_vy":20,"unit_nav_vertical":"px","show_dots":"show_all","dots_width":"fullwidth","dots_layout":"default","slide_number_layout":"1","dots_align":"center","dots_design":"default","dot_owl":"default","dots_cl":"light","dots_pd_lr":15,"dots_space":10,"dots_pos_vy":20,"unit_dots_vertical":"px","dots_round":true,"enable_slide_number":false,"enable_slide_number_pad":false,"dots_num_space":10,"dots_num_pos_vy":30,"unit_dots_num_vertical":"px","use_socials":false,"social_mode":"1","social_style":"simple","social_size":"medium","bd_radius":0,"use_color_set":false,"pri_cl":"#868686","pri_hover_cl":"#000000","space_item":"30","socials_visibale":"default","socials_align":"left","socials_space":50,"socials_pos_vy":20,"unit_socials_vertical":"px","layout":"bee-container-fluid","cl_bg":"","cl_bg_gradient":"","mg":",,80px,","pd":"","mg_tb":",,80px,","pd_tb":"","mg_mb":",,50px,","pd_mb":""}},"ffd88d45-7670-4ce4-8052-3f4cb76bb7d4":{"type":"banner","blocks":{"template--16532421640444__ffd88d45-7670-4ce4-8052-3f4cb76bb7d4-1667975567a1f605a4-0":{"type":"b_item","settings":{"custom_dk":true,"height_dk":290,"custom_tb":true,"height_tb":250,"custom_mb":true,"height_mb":250,"image_size":"cover","image_position":"start","b_link":"","open_link":"_self","img_effect":"zoom","b_effect":"none","col_dk":"4","col_dk_w":"33.33333","col_tb":"4","col_dk_w_tb":"33.33333","col_mb":"12","content_align":"start","content_align_tb":"start","content_align_mb":"start","content_width":"bee-content-auto","cv_pos":24,"ch_pos":13,"cv_pos_tb":24,"ch_pos_tb":13,"cv_pos_mb":20,"ch_pos_mb":15,"bg_overlay":"#000000","bg_opacity":0,"bg_content_bl":false,"bg_content_cl":"#ffffff","bg_content_op":50,"content_pd_tb":20,"content_pd_lr":20,"content_pd_tb_mb":10,"content_pd_lr_mb":10,"border_bl":false,"br_color":"#222222","br_bg":"#ffffff","br_opacity":50,"br_style":"solid","br_pd":20,"br_pd_mb":10,"time_animation":1,"animation_delay":40}},"template--16532421640444__ffd88d45-7670-4ce4-8052-3f4cb76bb7d4-1667975567a1f605a4-1":{"type":"custom_text","settings":{"text":"Women's <br>\nMid-Season","remove_br_tag":false,"tag":"p","fontf":"inherit","text_cl":"#27262c","text_fs":36,"text_lh":40,"text_fw":500,"text_ls":0,"font_italic":false,"text_shadow":false,"mgb":5,"text_fs_tb":30,"text_lh_tb":36,"text_ls_tb":0,"mgb_tb":5,"hidden_mobile":false,"text_fs_mb":24,"text_lh_mb":30,"text_ls_mb":0,"mgb_mb":5,"animation":"fadeInRight"}},"4a347ff3-a2cb-4504-9e4d-fa092f6cdbe7":{"type":"custom_button","settings":{"button_text":"Shop Now","button_link":"shopify:\/\/collections\/women","target_link":"_self","button_style":"link","button_icon_w":0,"border_w":2,"button_effect":"default","pri_cl":"#27262c","second_cl":"#27262c","pri_cl_hover":"#27262c","second_cl_hover":"#27262c","fontf":"inherit","fsbutton":16,"fwbutton":500,"button_ls":0,"button_mh":23,"button_bdr":0,"button_pd_lr":0,"mgb":0,"fsbutton_tb":16,"button_icon_w_tb":0,"button_mh_tb":23,"button_pd_lr_tb":0,"button_ls_tb":0,"mgb_tb":0,"fsbutton_mb":16,"button_icon_w_mb":0,"button_mh_mb":23,"button_pd_lr_mb":0,"button_ls_mb":0,"mgb_mb":0,"hidden_mobile":false,"animation":"fadeInRight"}},"template--16532421640444__ffd88d45-7670-4ce4-8052-3f4cb76bb7d4-1667975567a1f605a4-2":{"type":"b_item","settings":{"custom_dk":true,"height_dk":290,"custom_tb":true,"height_tb":250,"custom_mb":true,"height_mb":250,"image_size":"cover","image_position":"start","b_link":"","open_link":"_self","img_effect":"zoom","b_effect":"none","col_dk":"4","col_dk_w":"33.33333","col_tb":"4","col_dk_w_tb":"33.33333","col_mb":"12","content_align":"start","content_align_tb":"start","content_align_mb":"start","content_width":"bee-content-auto","cv_pos":24,"ch_pos":13,"cv_pos_tb":24,"ch_pos_tb":13,"cv_pos_mb":24,"ch_pos_mb":15,"bg_overlay":"#000000","bg_opacity":0,"bg_content_bl":false,"bg_content_cl":"#ffffff","bg_content_op":50,"content_pd_tb":20,"content_pd_lr":20,"content_pd_tb_mb":10,"content_pd_lr_mb":10,"border_bl":false,"br_color":"#222222","br_bg":"#ffffff","br_opacity":50,"br_style":"solid","br_pd":20,"br_pd_mb":10,"time_animation":1,"animation_delay":40}},"template--16532421640444__ffd88d45-7670-4ce4-8052-3f4cb76bb7d4-1667975567a1f605a4-3":{"type":"custom_text","settings":{"text":"Summer <br>\nRomance","remove_br_tag":false,"tag":"p","fontf":"inherit","text_cl":"#27262c","text_fs":36,"text_lh":40,"text_fw":500,"text_ls":0,"font_italic":false,"text_shadow":false,"mgb":5,"text_fs_tb":30,"text_lh_tb":36,"text_ls_tb":0,"mgb_tb":5,"hidden_mobile":false,"text_fs_mb":24,"text_lh_mb":30,"text_ls_mb":0,"mgb_mb":5,"animation":"bounceIn"}},"4a347ff3-a2cb-4504-9e4d-fa092f6cdbe8":{"type":"custom_button","settings":{"button_text":"Shop Now","button_link":"shopify:\/\/collections\/women","target_link":"_self","button_style":"link","button_icon_w":0,"border_w":2,"button_effect":"default","pri_cl":"#27262c","second_cl":"#27262c","pri_cl_hover":"#27262c","second_cl_hover":"#27262c","fontf":"inherit","fsbutton":16,"fwbutton":500,"button_ls":0,"button_mh":23,"button_bdr":0,"button_pd_lr":0,"mgb":0,"fsbutton_tb":16,"button_icon_w_tb":0,"button_mh_tb":23,"button_pd_lr_tb":0,"button_ls_tb":0,"mgb_tb":0,"fsbutton_mb":16,"button_icon_w_mb":0,"button_mh_mb":23,"button_pd_lr_mb":0,"button_ls_mb":0,"mgb_mb":0,"hidden_mobile":false,"animation":"fadeInUp"}},"template--16532421640444__ffd88d45-7670-4ce4-8052-3f4cb76bb7d4-1667975567a1f605a4-4":{"type":"b_item","settings":{"custom_dk":true,"height_dk":290,"custom_tb":true,"height_tb":250,"custom_mb":true,"height_mb":250,"image_size":"cover","image_position":"start","b_link":"","open_link":"_self","img_effect":"zoom","b_effect":"none","col_dk":"4","col_dk_w":"33.33333","col_tb":"4","col_dk_w_tb":"33.33333","col_mb":"12","content_align":"start","content_align_tb":"start","content_align_mb":"start","content_width":"bee-content-auto","cv_pos":24,"ch_pos":13,"cv_pos_tb":24,"ch_pos_tb":13,"cv_pos_mb":20,"ch_pos_mb":15,"bg_overlay":"#000000","bg_opacity":0,"bg_content_bl":false,"bg_content_cl":"#ffffff","bg_content_op":50,"content_pd_tb":20,"content_pd_lr":20,"content_pd_tb_mb":10,"content_pd_lr_mb":10,"border_bl":false,"br_color":"#222222","br_bg":"#ffffff","br_opacity":50,"br_style":"solid","br_pd":20,"br_pd_mb":10,"time_animation":1,"animation_delay":40}},"template--16532421640444__ffd88d45-7670-4ce4-8052-3f4cb76bb7d4-1667975567a1f605a4-5":{"type":"custom_text","settings":{"text":"20% Off All <br>Accessories","remove_br_tag":false,"tag":"p","fontf":"inherit","text_cl":"#27262c","text_fs":36,"text_lh":40,"text_fw":500,"text_ls":0,"font_italic":false,"text_shadow":false,"mgb":5,"text_fs_tb":30,"text_lh_tb":36,"text_ls_tb":0,"mgb_tb":5,"hidden_mobile":false,"text_fs_mb":24,"text_lh_mb":30,"text_ls_mb":0,"mgb_mb":5,"animation":"zoomInDown"}},"4a347ff3-a2cb-4504-9e4d-fa092f6cdbe9":{"type":"custom_button","settings":{"button_text":"Shop Now","button_link":"shopify:\/\/collections\/women","target_link":"_self","button_style":"link","button_icon_w":0,"border_w":2,"button_effect":"default","pri_cl":"#27262c","second_cl":"#27262c","pri_cl_hover":"#27262c","second_cl_hover":"#27262c","fontf":"inherit","fsbutton":16,"fwbutton":500,"button_ls":0,"button_mh":23,"button_bdr":0,"button_pd_lr":0,"mgb":0,"fsbutton_tb":16,"button_icon_w_tb":0,"button_mh_tb":23,"button_pd_lr_tb":0,"button_ls_tb":0,"mgb_tb":0,"fsbutton_mb":16,"button_icon_w_mb":0,"button_mh_mb":23,"button_pd_lr_mb":0,"button_ls_mb":0,"mgb_mb":0,"hidden_mobile":false,"animation":"fadeInRight"}}},"block_order":["template--16532421640444__ffd88d45-7670-4ce4-8052-3f4cb76bb7d4-1667975567a1f605a4-0","template--16532421640444__ffd88d45-7670-4ce4-8052-3f4cb76bb7d4-1667975567a1f605a4-1","4a347ff3-a2cb-4504-9e4d-fa092f6cdbe7","template--16532421640444__ffd88d45-7670-4ce4-8052-3f4cb76bb7d4-1667975567a1f605a4-2","template--16532421640444__ffd88d45-7670-4ce4-8052-3f4cb76bb7d4-1667975567a1f605a4-3","4a347ff3-a2cb-4504-9e4d-fa092f6cdbe8","template--16532421640444__ffd88d45-7670-4ce4-8052-3f4cb76bb7d4-1667975567a1f605a4-4","template--16532421640444__ffd88d45-7670-4ce4-8052-3f4cb76bb7d4-1667975567a1f605a4-5","4a347ff3-a2cb-4504-9e4d-fa092f6cdbe9"],"disabled":true,"settings":{"space_h_item":"10","space_v_item":"10","space_h_item_tb":"10","space_v_item_tb":"10","space_h_item_mb":"10","space_v_item_mb":"10","layout":"bee-container-fluid","cl_bg":"","cl_bg_gradient":"","mg":",,76px,","pd":",100px,,100px","mg_tb":",,100px,","pd_tb":",15px,,15px","mg_mb":",,60px,","pd_mb":",15px,,15px"}},"28c45093-4ee4-4c1c-88f3-ec268824a54f":{"type":"tabs-collection","blocks":{"template--16532421640444__28c45093-4ee4-4c1c-88f3-ec268824a54f-1667975884203db902-0":{"type":"tab_item","settings":{"title":"Best Sellers","icon_title":"","collection":"summer-fashion","product_des":"1","show_vendor":false,"use_cdt":false,"image_ratio":"rationt","image_size":"cover","image_position":"8","content_align":"start","limit":10,"col_dk":"5","col_tb":"3","col_mb":"2","space_h_item":"30","space_v_item":"30","space_h_item_tb":"30","space_v_item_tb":"30","space_h_item_mb":"15","space_v_item_mb":"30","layout_des":"1","loop":true,"au_time":0,"au_hover":true,"show_btn":"show_all","icon_slider":"1","btn_pos":"between","btn_distance":15,"btn_vi":"hover","btn_owl":"default","btn_shape":"none","btn_cl":"dark","btn_size":"small","show_dots":"hidden","dot_owl":"default","dots_cl":"dark","dots_round":true,"dots_space":10,"dots_bottom_pos":20,"featured_item":false,"use_pagination":"view-all","btn_replace":"SEE ALL PRODUCTS","btns_size":"1","btn_icon":false,"enable_bar_lm":true,"style_bar_lm":"default","progress_bar_primary_cl":"#e6e5ed","progress_bar_second_cl":"#bfbec8","progress_bar_text_cl":"#27262c","progress_bar_active_cl":"#4c4b51","pagination_distance":60,"pagination_position":"bee-text-center","button_style":"outline","btns_cl":"custom1","button_effect":"default"}},"template--16532421640444__28c45093-4ee4-4c1c-88f3-ec268824a54f-1667975884203db902-1":{"type":"tab_item","settings":{"title":"New Products","icon_title":"","collection":"women","product_des":"1","show_vendor":false,"use_cdt":false,"image_ratio":"rationt","image_size":"cover","image_position":"8","content_align":"start","limit":10,"col_dk":"5","col_tb":"3","col_mb":"2","space_h_item":"30","space_v_item":"30","space_h_item_tb":"30","space_v_item_tb":"30","space_h_item_mb":"15","space_v_item_mb":"30","layout_des":"1","loop":true,"au_time":0,"au_hover":true,"show_btn":"show_all","icon_slider":"1","btn_pos":"between","btn_distance":15,"btn_vi":"hover","btn_owl":"default","btn_shape":"none","btn_cl":"dark","btn_size":"small","show_dots":"hidden","dot_owl":"default","dots_cl":"dark","dots_round":true,"dots_space":10,"dots_bottom_pos":20,"featured_item":false,"use_pagination":"view-all","btn_replace":"SEE ALL PRODUCTS","btns_size":"1","btn_icon":false,"enable_bar_lm":true,"style_bar_lm":"default","progress_bar_primary_cl":"#e6e5ed","progress_bar_second_cl":"#bfbec8","progress_bar_text_cl":"#27262c","progress_bar_active_cl":"#4c4b51","pagination_distance":60,"pagination_position":"bee-text-center","button_style":"outline","btns_cl":"custom1","button_effect":"default"}},"template--16532421640444__28c45093-4ee4-4c1c-88f3-ec268824a54f-1667975884203db902-2":{"type":"tab_item","settings":{"title":"Sale Products","icon_title":"","collection":"best-seller","product_des":"1","show_vendor":false,"use_cdt":false,"image_ratio":"rationt","image_size":"cover","image_position":"8","content_align":"start","limit":10,"col_dk":"5","col_tb":"3","col_mb":"2","space_h_item":"30","space_v_item":"30","space_h_item_tb":"30","space_v_item_tb":"30","space_h_item_mb":"15","space_v_item_mb":"30","layout_des":"1","loop":true,"au_time":0,"au_hover":true,"show_btn":"show_all","icon_slider":"1","btn_pos":"between","btn_distance":15,"btn_vi":"hover","btn_owl":"default","btn_shape":"none","btn_cl":"dark","btn_size":"small","show_dots":"hidden","dot_owl":"default","dots_cl":"dark","dots_round":true,"dots_space":10,"dots_bottom_pos":20,"featured_item":false,"use_pagination":"view-all","btn_replace":"SEE ALL PRODUCTS","btns_size":"1","btn_icon":false,"enable_bar_lm":true,"style_bar_lm":"default","progress_bar_primary_cl":"#e6e5ed","progress_bar_second_cl":"#bfbec8","progress_bar_text_cl":"#27262c","progress_bar_active_cl":"#4c4b51","pagination_distance":60,"pagination_position":"bee-text-center","button_style":"outline","btns_cl":"custom1","button_effect":"default"}}},"block_order":["template--16532421640444__28c45093-4ee4-4c1c-88f3-ec268824a54f-1667975884203db902-0","template--16532421640444__28c45093-4ee4-4c1c-88f3-ec268824a54f-1667975884203db902-1","template--16532421640444__28c45093-4ee4-4c1c-88f3-ec268824a54f-1667975884203db902-2"],"disabled":true,"settings":{"heading_center":true,"top_heading":"","top_subheading":"","tophead_mb":30,"tophead_mb_tb":30,"tophead_mb_mb":25,"title_inline":false,"tabs_des":"underline","tabs_pos":"center","tabslist_mb":30,"tabslist_mb_tb":30,"tabslist_mb_mb":30,"item_fs":24,"item_lh":44,"item_fw":500,"item_ls":0,"icon_width":30,"item_rounded":true,"pri_cl":"#858585","secon_cl":"#858585","pri_active_cl":"#151515","secon_active_cl":"#151515","space_between":40,"space_between_tb":30,"space_between_mb":20,"layout":"bee-container-fluid","cl_bg":"","cl_bg_gradient":"","mg":",,80px,","pd":",100px,,100px","mg_tb":",,60px,","pd_tb":",15px,,15px","mg_mb":",,50px,","pd_mb":",15px,,15px"}},"3a16fcfa-d93a-4f46-862e-4c79dcd868d0":{"type":"banner","blocks":{"template--16532421640444__3a16fcfa-d93a-4f46-862e-4c79dcd868d0-16679812400ac64a91-0":{"type":"b_item","settings":{"custom_dk":false,"height_dk":600,"custom_tb":true,"height_tb":400,"custom_mb":true,"height_mb":300,"image_size":"cover","image_position":"start","b_link":"","open_link":"_self","img_effect":"zoom","b_effect":"none","col_dk":"6","col_dk_w":"33.33333","col_tb":"6","col_dk_w_tb":"33.33333","col_mb":"12","content_align":"center","content_align_tb":"center","content_align_mb":"center","content_width":"bee-content-auto","cv_pos":50,"ch_pos":50,"cv_pos_tb":50,"ch_pos_tb":50,"cv_pos_mb":50,"ch_pos_mb":50,"bg_overlay":"#000000","bg_opacity":0,"bg_content_bl":false,"bg_content_cl":"#ffffff","bg_content_op":50,"content_pd_tb":20,"content_pd_lr":20,"content_pd_tb_mb":10,"content_pd_lr_mb":10,"border_bl":false,"br_color":"#222222","br_bg":"#ffffff","br_opacity":50,"br_style":"solid","br_pd":20,"br_pd_mb":10,"time_animation":1,"animation_delay":40}},"template--16532421640444__3a16fcfa-d93a-4f46-862e-4c79dcd868d0-16679812400ac64a91-1":{"type":"custom_text","settings":{"text":"Men’s Sportswear","remove_br_tag":false,"tag":"p","fontf":"inherit","text_cl":"#ffffff","text_fs":32,"text_lh":46,"text_fw":500,"text_ls":0,"font_italic":false,"text_shadow":false,"mgb":8,"text_fs_tb":30,"text_lh_tb":40,"text_ls_tb":0,"mgb_tb":8,"hidden_mobile":false,"text_fs_mb":24,"text_lh_mb":32,"text_ls_mb":0,"mgb_mb":8,"animation":"zoomInLeft"}},"579ea800-63ff-4178-881f-c72dc9bf3b5e":{"type":"custom_button","settings":{"button_text":"Read more","button_link":"shopify:\/\/collections\/men","target_link":"_self","button_style":"link","button_icon_w":0,"border_w":2,"button_effect":"Has underline (Only for button 'Link')","pri_cl":"#ffffff","second_cl":"#ffffff","pri_cl_hover":"#ffffff","second_cl_hover":"#ffffff","fontf":"inherit","fsbutton":16,"fwbutton":500,"button_ls":0,"button_mh":23,"button_bdr":0,"button_pd_lr":30,"mgb":0,"fsbutton_tb":16,"button_icon_w_tb":0,"button_mh_tb":23,"button_pd_lr_tb":15,"button_ls_tb":0,"mgb_tb":0,"fsbutton_mb":14,"button_icon_w_mb":0,"button_mh_mb":23,"button_pd_lr_mb":15,"button_ls_mb":0,"mgb_mb":0,"hidden_mobile":false,"animation":"bounceInUp"}},"template--16532421640444__3a16fcfa-d93a-4f46-862e-4c79dcd868d0-16679812400ac64a91-2":{"type":"b_item","settings":{"custom_dk":false,"height_dk":600,"custom_tb":true,"height_tb":400,"custom_mb":true,"height_mb":300,"image_size":"cover","image_position":"start","b_link":"","open_link":"_self","img_effect":"zoom","b_effect":"none","col_dk":"6","col_dk_w":"33.33333","col_tb":"6","col_dk_w_tb":"33.33333","col_mb":"12","content_align":"center","content_align_tb":"center","content_align_mb":"center","content_width":"bee-content-auto","cv_pos":50,"ch_pos":50,"cv_pos_tb":50,"ch_pos_tb":50,"cv_pos_mb":50,"ch_pos_mb":50,"bg_overlay":"#000000","bg_opacity":0,"bg_content_bl":false,"bg_content_cl":"#ffffff","bg_content_op":50,"content_pd_tb":20,"content_pd_lr":20,"content_pd_tb_mb":10,"content_pd_lr_mb":10,"border_bl":false,"br_color":"#222222","br_bg":"#ffffff","br_opacity":50,"br_style":"solid","br_pd":20,"br_pd_mb":10,"time_animation":1,"animation_delay":40}},"template--16532421640444__3a16fcfa-d93a-4f46-862e-4c79dcd868d0-16679812400ac64a91-3":{"type":"custom_text","settings":{"text":"Find your fit","remove_br_tag":false,"tag":"p","fontf":"inherit","text_cl":"#ffffff","text_fs":32,"text_lh":46,"text_fw":500,"text_ls":0,"font_italic":false,"text_shadow":false,"mgb":8,"text_fs_tb":30,"text_lh_tb":40,"text_ls_tb":0,"mgb_tb":8,"hidden_mobile":false,"text_fs_mb":26,"text_lh_mb":32,"text_ls_mb":0,"mgb_mb":8,"animation":"bounceInRight"}},"579ea800-63ff-4178-881f-c72dc9bf3b54":{"type":"custom_button","settings":{"button_text":"Read more","button_link":"shopify:\/\/collections\/women","target_link":"_self","button_style":"link","button_icon_w":0,"border_w":2,"button_effect":"Has underline (Only for button 'Link')","pri_cl":"#ffffff","second_cl":"#ffffff","pri_cl_hover":"#ffffff","second_cl_hover":"#ffffff","fontf":"inherit","fsbutton":16,"fwbutton":500,"button_ls":0,"button_mh":23,"button_bdr":0,"button_pd_lr":30,"mgb":0,"fsbutton_tb":16,"button_icon_w_tb":0,"button_mh_tb":23,"button_pd_lr_tb":15,"button_ls_tb":0,"mgb_tb":0,"fsbutton_mb":14,"button_icon_w_mb":0,"button_mh_mb":23,"button_pd_lr_mb":15,"button_ls_mb":0,"mgb_mb":0,"hidden_mobile":false,"animation":"bounceInUp"}}},"block_order":["template--16532421640444__3a16fcfa-d93a-4f46-862e-4c79dcd868d0-16679812400ac64a91-0","template--16532421640444__3a16fcfa-d93a-4f46-862e-4c79dcd868d0-16679812400ac64a91-1","579ea800-63ff-4178-881f-c72dc9bf3b5e","template--16532421640444__3a16fcfa-d93a-4f46-862e-4c79dcd868d0-16679812400ac64a91-2","template--16532421640444__3a16fcfa-d93a-4f46-862e-4c79dcd868d0-16679812400ac64a91-3","579ea800-63ff-4178-881f-c72dc9bf3b54"],"disabled":true,"settings":{"space_h_item":"0","space_v_item":"0","space_h_item_tb":"0","space_v_item_tb":"0","space_h_item_mb":"0","space_v_item_mb":"0","layout":"bee-container-fluid","cl_bg":"","cl_bg_gradient":"","mg":"","pd":"","mg_tb":"","pd_tb":"","mg_mb":"","pd_mb":""}},"f378e36c-854c-4f56-a940-6420038e49f4":{"type":"shipping","blocks":{"template--16532421640444__f378e36c-854c-4f56-a940-6420038e49f4-16679813352f796499-0":{"type":"shipping","settings":{"icon_themes":"startUp","icon":"las la-rocket","title":"Free Shipping","text":"<p>From all orders over $100<\/p>"}},"template--16532421640444__f378e36c-854c-4f56-a940-6420038e49f4-16679813352f796499-1":{"type":"shipping","settings":{"icon_themes":"handshake","icon":"las la-handshake","title":"Payment Process","text":"<p>Return money within 30 days<\/p>"}},"template--16532421640444__f378e36c-854c-4f56-a940-6420038e49f4-16679813352f796499-2":{"type":"shipping","settings":{"icon_themes":"24-hours","icon":"las la-phone-volume","title":"24\/7 Support","text":"<p>We have everything you need<\/p>"}}},"block_order":["template--16532421640444__f378e36c-854c-4f56-a940-6420038e49f4-16679813352f796499-0","template--16532421640444__f378e36c-854c-4f56-a940-6420038e49f4-16679813352f796499-1","template--16532421640444__f378e36c-854c-4f56-a940-6420038e49f4-16679813352f796499-2"],"disabled":true,"settings":{"heading_center":true,"top_heading":"","top_subheading":"","tophead_mb":30,"tophead_mb_tb":30,"tophead_mb_mb":25,"content_align":"text-start","align_vertical":true,"align_horizontal":true,"src_icon":"themes_icon","icon_size":"large","icon_effect":"bounceIn","col_dk":"3","col_tb":"2","col_mb":"1","icon_cl":"#151515","hd_cl":"#151515","content_cl":"#878787","hd_fs":24,"hd_fw":500,"txt_fs":16,"txt_fw":400,"hd_fs_tb":20,"txt_fs_tb":14,"hd_fs_mb":16,"txt_fs_mb":13,"space_h_item":"30","space_v_item":"30","space_h_item_tb":"15","space_v_item_mb":"15","carousel_mobile":true,"dots_cl":"dark","dots_round":true,"layout":"bee-container-wrap","cl_bg":"","cl_bg_gradient":"","mg":"","pd":"65px,,65px,","mg_tb":"","pd_tb":"46px,,46px,","mg_mb":"","pd_mb":"35px,,35px,"}},"b675bea4-72d0-4ccc-a93a-7f5ff0a001d1":{"type":"collections-list","blocks":{"template--16532421640444__b675bea4-72d0-4ccc-a93a-7f5ff0a001d1-1680510911a32a0e6d-0":{"type":"collection_item","settings":{"collection":"frontpage","title":"","description":"","collection_link":"","button_label":"Shop Now","content_pos":"top_left"}},"template--16532421640444__b675bea4-72d0-4ccc-a93a-7f5ff0a001d1-1680510911a32a0e6d-1":{"type":"collection_item","settings":{"collection":"frontpage","title":"","description":"","collection_link":"","button_label":"Shop Now","content_pos":"top_left"}},"template--16532421640444__b675bea4-72d0-4ccc-a93a-7f5ff0a001d1-1680510911a32a0e6d-2":{"type":"collection_item","settings":{"collection":"","title":"","description":"","collection_link":"","button_label":"Shop Now","content_pos":"top_left"}},"template--16532421640444__b675bea4-72d0-4ccc-a93a-7f5ff0a001d1-1680510911a32a0e6d-3":{"type":"collection_item","disabled":true,"settings":{"collection":"","title":"","description":"","collection_link":"","button_label":"Shop Now","content_pos":"top_left"}},"848f474e-15c3-4e55-bb90-af297bd430ed":{"type":"collection_item","disabled":true,"settings":{"collection":"","title":"","description":"","collection_link":"","button_label":"Shop Now","content_pos":"top_left"}}},"block_order":["template--16532421640444__b675bea4-72d0-4ccc-a93a-7f5ff0a001d1-1680510911a32a0e6d-0","template--16532421640444__b675bea4-72d0-4ccc-a93a-7f5ff0a001d1-1680510911a32a0e6d-1","template--16532421640444__b675bea4-72d0-4ccc-a93a-7f5ff0a001d1-1680510911a32a0e6d-2","template--16532421640444__b675bea4-72d0-4ccc-a93a-7f5ff0a001d1-1680510911a32a0e6d-3","848f474e-15c3-4e55-bb90-af297bd430ed"],"settings":{"top_heading":"Trending collection","top_subheading":"","heading_center":true,"tophead_mb":30,"tophead_mb_tb":30,"tophead_mb_mb":25,"heading_inline":false,"heading_width":"small","collection_des":"1","title_fs":14,"title_lh":0,"title_fw":500,"content_fs":14,"button_fs":14,"pri_cl":"#ffffff","second_cl":"#151515","pri_hover_cl":"#151515","second_hover_cl":"#ffffff","other_cl":"#000000","content_align":"center","open_link":"_self","item_rd":0,"img_effect":"none","b_effect":"none","image_ratio":"ratio1_1","image_size":"cover","image_position":"8","layout_des":"1","col_dk":"4","col_tb":"3","col_mb":"2","space_h_item":"30","space_v_item":"30","space_h_item_tb":"15","space_v_item_tb":"15","space_h_item_mb":"15","space_v_item_mb":"15","loop":true,"au_time":0,"au_hover":true,"freeScroll":false,"scrollbar":false,"center_slide":false,"show_btn":"show_all","btn_pos":"between","icon_slider":"1","btn_distance":15,"btn_vi":"hover","btn_owl":"default","btn_shape":"none","btn_cl":"dark","btn_size":"small","show_dots":"hidden","dot_owl":"default","dots_cl":"dark","dots_round":true,"dots_space":10,"dots_bottom_pos":20,"layout":"bee-container-wrap","cl_bg":"","cl_bg_gradient":"","mg":",,50px,","pd":"","mg_tb":",,30px,","pd_tb":"","mg_mb":",,30px,","pd_mb":""}},"709f0a2a-1c21-44e5-91d6-1c46ac1e9a01":{"type":"collections-list-packery","blocks":{"template--16532421640444__709f0a2a-1c21-44e5-91d6-1c46ac1e9a01-1680512728351d1d37-0":{"type":"collection_item","settings":{"collection":"","image":"shopify:\/\/shop_images\/Rectangle_9_copy_2x_74f085e7-67bf-471f-8770-6987f799c2ec.jpg","title":"","description":"","collection_link":"","button_label":"Shop Now","content_pos":"top_left","col_dk":"6","col_tb":"6","col_mb":"12"}},"template--16532421640444__709f0a2a-1c21-44e5-91d6-1c46ac1e9a01-1680512728351d1d37-1":{"type":"collection_item","settings":{"collection":"","title":"","description":"","collection_link":"","button_label":"Shop Now","content_pos":"top_left","col_dk":"6","col_tb":"6","col_mb":"12"}},"template--16532421640444__709f0a2a-1c21-44e5-91d6-1c46ac1e9a01-1680512728351d1d37-2":{"type":"collection_item","settings":{"collection":"","title":"","description":"","collection_link":"","button_label":"Shop Now","content_pos":"top_left","col_dk":"3","col_tb":"6","col_mb":"12"}},"template--16532421640444__709f0a2a-1c21-44e5-91d6-1c46ac1e9a01-1680512728351d1d37-3":{"type":"collection_item","settings":{"collection":"","title":"","description":"","collection_link":"","button_label":"Shop Now","content_pos":"top_left","col_dk":"3","col_tb":"6","col_mb":"12"}}},"block_order":["template--16532421640444__709f0a2a-1c21-44e5-91d6-1c46ac1e9a01-1680512728351d1d37-0","template--16532421640444__709f0a2a-1c21-44e5-91d6-1c46ac1e9a01-1680512728351d1d37-1","template--16532421640444__709f0a2a-1c21-44e5-91d6-1c46ac1e9a01-1680512728351d1d37-2","template--16532421640444__709f0a2a-1c21-44e5-91d6-1c46ac1e9a01-1680512728351d1d37-3"],"settings":{"top_heading":"Trending right now","top_subheading":"","heading_center":true,"tophead_mb":30,"tophead_mb_tb":30,"tophead_mb_mb":25,"heading_width":"small","collection_des":"1","title_fs":14,"title_lh":0,"title_fw":500,"content_fs":14,"button_fs":14,"pri_cl":"#ffffff","second_cl":"#151515","pri_hover_cl":"#151515","second_hover_cl":"#ffffff","other_cl":"#000000","content_align":"center","open_link":"_self","item_rd":0,"img_effect":"none","b_effect":"none","image_size":"cover","image_position":"8","space_h_item":"30","space_v_item":"30","space_h_item_tb":"15","space_v_item_tb":"15","space_h_item_mb":"15","space_v_item_mb":"15","layout":"bee-container-wrap","cl_bg":"","cl_bg_gradient":"","mg":",,50px,","pd":"","mg_tb":",,30px,","pd_tb":"","mg_mb":",,30px,","pd_mb":""}},"e3f7b6d7-4c8a-40e7-8e69-531f95bb692a":{"type":"collections-list-manual","blocks":{"template--16532421640444__e3f7b6d7-4c8a-40e7-8e69-531f95bb692a-1680512761d48f0024-0":{"type":"collection_item","settings":{"collection":"frontpage","image":"shopify:\/\/shop_images\/Rectangle_9_copy_2x_74f085e7-67bf-471f-8770-6987f799c2ec.jpg","title":"","description":"","collection_link":"","button_label":"Shop Now","content_pos":"top_left"}},"template--16532421640444__e3f7b6d7-4c8a-40e7-8e69-531f95bb692a-1680512761d48f0024-1":{"type":"collection_item","settings":{"collection":"frontpage","image":"shopify:\/\/shop_images\/Layer_16_2x_451c4022-4001-4617-bd39-1c5b1510c8a8.jpg","title":"","description":"","collection_link":"","button_label":"Shop Now","content_pos":"top_left"}},"template--16532421640444__e3f7b6d7-4c8a-40e7-8e69-531f95bb692a-1680512761d48f0024-2":{"type":"collection_item","settings":{"collection":"frontpage","image":"shopify:\/\/shop_images\/Layer_888_2x_b637f5be-08d8-4c32-baa2-57731cbcb9f7.jpg","title":"","description":"","collection_link":"","button_label":"Shop Now","content_pos":"top_left"}},"template--16532421640444__e3f7b6d7-4c8a-40e7-8e69-531f95bb692a-1680512761d48f0024-3":{"type":"collection_item","settings":{"collection":"frontpage","image":"shopify:\/\/shop_images\/Layer_536.jpg","title":"","description":"","collection_link":"","button_label":"Shop Now","content_pos":"top_left"}}},"block_order":["template--16532421640444__e3f7b6d7-4c8a-40e7-8e69-531f95bb692a-1680512761d48f0024-0","template--16532421640444__e3f7b6d7-4c8a-40e7-8e69-531f95bb692a-1680512761d48f0024-1","template--16532421640444__e3f7b6d7-4c8a-40e7-8e69-531f95bb692a-1680512761d48f0024-2","template--16532421640444__e3f7b6d7-4c8a-40e7-8e69-531f95bb692a-1680512761d48f0024-3"],"settings":{"top_heading":"Trending right now","top_subheading":"","heading_center":true,"tophead_mb":30,"tophead_mb_tb":30,"tophead_mb_mb":25,"heading_inline":false,"heading_width":"large","collection_des":"6","title_fs":14,"title_lh":0,"title_fw":500,"content_fs":14,"button_fs":14,"pri_cl":"#ffffff","second_cl":"#151515","pri_hover_cl":"#151515","second_hover_cl":"#ffffff","other_cl":"#000000","content_align":"center","open_link":"_self","item_rd":0,"img_effect":"none","b_effect":"none","image_ratio":"ratioadapt","image_size":"cover","image_position":"8","collec_layout":"4","layout":"bee-container-wrap","cl_bg":"","cl_bg_gradient":"","mg":",,50px,","pd":"","mg_tb":",,30px,","pd_tb":"","mg_mb":",,30px,","pd_mb":""}},"4c9818a8-c0f0-41ed-b7e1-414294b10c67":{"type":"collections-list","blocks":{"template--16532421640444__4c9818a8-c0f0-41ed-b7e1-414294b10c67-1680662238468b5a20-0":{"type":"collection_item","settings":{"collection":"","title":"","description":"","collection_link":"","button_label":"Shop Now","content_pos":"top_left"}},"template--16532421640444__4c9818a8-c0f0-41ed-b7e1-414294b10c67-1680662238468b5a20-1":{"type":"collection_item","settings":{"collection":"","title":"","description":"","collection_link":"","button_label":"Shop Now","content_pos":"top_left"}},"template--16532421640444__4c9818a8-c0f0-41ed-b7e1-414294b10c67-1680662238468b5a20-2":{"type":"collection_item","settings":{"collection":"","title":"","description":"","collection_link":"","button_label":"Shop Now","content_pos":"top_left"}},"template--16532421640444__4c9818a8-c0f0-41ed-b7e1-414294b10c67-1680662238468b5a20-3":{"type":"collection_item","settings":{"collection":"","title":"","description":"","collection_link":"","button_label":"Shop Now","content_pos":"top_left"}},"d263b630-bb39-4bfe-9e31-b318ed78e349":{"type":"collection_item","settings":{"collection":"","title":"","description":"","collection_link":"","button_label":"Shop Now","content_pos":"top_left"}}},"block_order":["template--16532421640444__4c9818a8-c0f0-41ed-b7e1-414294b10c67-1680662238468b5a20-0","template--16532421640444__4c9818a8-c0f0-41ed-b7e1-414294b10c67-1680662238468b5a20-1","template--16532421640444__4c9818a8-c0f0-41ed-b7e1-414294b10c67-1680662238468b5a20-2","template--16532421640444__4c9818a8-c0f0-41ed-b7e1-414294b10c67-1680662238468b5a20-3","d263b630-bb39-4bfe-9e31-b318ed78e349"],"settings":{"top_heading":"Trending collection","top_subheading":"","heading_center":true,"tophead_mb":30,"tophead_mb_tb":30,"tophead_mb_mb":25,"heading_inline":false,"heading_width":"small","collection_des":"2","title_fs":14,"title_lh":0,"title_fw":500,"content_fs":14,"button_fs":14,"pri_cl":"#ffffff","second_cl":"#151515","pri_hover_cl":"#151515","second_hover_cl":"#ffffff","other_cl":"#000000","content_align":"center","open_link":"_self","item_rd":0,"img_effect":"none","b_effect":"none","image_ratio":"ratioadapt","image_size":"cover","image_position":"8","layout_des":"2","col_dk":"4","col_tb":"3","col_mb":"2","space_h_item":"30","space_v_item":"30","space_h_item_tb":"15","space_v_item_tb":"15","space_h_item_mb":"15","space_v_item_mb":"15","loop":false,"au_time":0,"au_hover":true,"freeScroll":true,"scrollbar":true,"center_slide":false,"show_btn":"show_all","btn_pos":"in","icon_slider":"0","btn_distance":15,"btn_vi":"always","btn_owl":"default","btn_shape":"round","btn_cl":"dark","btn_size":"small","show_dots":"hidden","dot_owl":"default","dots_cl":"dark","dots_round":true,"dots_space":10,"dots_bottom_pos":20,"layout":"bee-container-wrap","cl_bg":"","cl_bg_gradient":"","mg":",,50px,","pd":"","mg_tb":",,30px,","pd_tb":"","mg_mb":",,30px,","pd_mb":""}},"dfd9ff1e-55e7-434c-96ab-01e7bb54490d":{"type":"tabs-collection","blocks":{"template--16532421640444__dfd9ff1e-55e7-434c-96ab-01e7bb54490d-1681442395dde25325-0":{"type":"tab_item","settings":{"title":"Tab 01","icon_title":"","collection":"","product_des":"1","show_vendor":false,"use_cdt":false,"image_ratio":"rationt","image_size":"cover","image_position":"8","content_align":"start","limit":8,"col_dk":"4","col_tb":"3","col_mb":"2","space_h_item":"30","space_v_item":"30","space_h_item_tb":"30","space_v_item_tb":"30","space_h_item_mb":"10","space_v_item_mb":"10","layout_des":"2","loop":true,"au_time":0,"au_hover":true,"show_btn":"show_all","icon_slider":"0","btn_pos":"between","btn_distance":100,"btn_vi":"always","btn_owl":"default","btn_shape":"none","btn_cl":"dark","btn_size":"small","show_dots":"hidden","dot_owl":"default","dots_cl":"dark","dots_round":true,"dots_space":10,"dots_bottom_pos":20,"featured_item":false,"use_pagination":"none","btn_replace":"","btns_size":"default","btn_icon":false,"enable_bar_lm":true,"style_bar_lm":"default","progress_bar_primary_cl":"#E6E5ED","progress_bar_second_cl":"#BFBEC8","progress_bar_text_cl":"#27262C","progress_bar_active_cl":"#4C4B51","pagination_distance":20,"pagination_position":"bee-text-center","button_style":"default","btns_cl":"dark","button_effect":"default"}},"template--16532421640444__dfd9ff1e-55e7-434c-96ab-01e7bb54490d-1681442395dde25325-1":{"type":"tab_item","settings":{"title":"Tab 02","icon_title":"","collection":"","product_des":"1","show_vendor":false,"use_cdt":false,"image_ratio":"rationt","image_size":"cover","image_position":"8","content_align":"start","limit":8,"col_dk":"4","col_tb":"3","col_mb":"2","space_h_item":"30","space_v_item":"30","space_h_item_tb":"30","space_v_item_tb":"30","space_h_item_mb":"10","space_v_item_mb":"10","layout_des":"2","loop":true,"au_time":0,"au_hover":true,"show_btn":"show_all","icon_slider":"1","btn_pos":"between","btn_distance":15,"btn_vi":"hover","btn_owl":"default","btn_shape":"none","btn_cl":"dark","btn_size":"small","show_dots":"hidden","dot_owl":"default","dots_cl":"dark","dots_round":true,"dots_space":10,"dots_bottom_pos":20,"featured_item":false,"use_pagination":"none","btn_replace":"","btns_size":"default","btn_icon":false,"enable_bar_lm":true,"style_bar_lm":"default","progress_bar_primary_cl":"#E6E5ED","progress_bar_second_cl":"#BFBEC8","progress_bar_text_cl":"#27262C","progress_bar_active_cl":"#4C4B51","pagination_distance":20,"pagination_position":"bee-text-center","button_style":"default","btns_cl":"dark","button_effect":"default"}},"template--16532421640444__dfd9ff1e-55e7-434c-96ab-01e7bb54490d-1681442395dde25325-2":{"type":"tab_item","settings":{"title":"Tab 03","icon_title":"","collection":"","product_des":"1","show_vendor":false,"use_cdt":false,"image_ratio":"rationt","image_size":"cover","image_position":"8","content_align":"start","limit":8,"col_dk":"4","col_tb":"3","col_mb":"2","space_h_item":"30","space_v_item":"30","space_h_item_tb":"30","space_v_item_tb":"30","space_h_item_mb":"10","space_v_item_mb":"10","layout_des":"2","loop":true,"au_time":0,"au_hover":true,"show_btn":"show_all","icon_slider":"1","btn_pos":"between","btn_distance":15,"btn_vi":"hover","btn_owl":"default","btn_shape":"none","btn_cl":"dark","btn_size":"small","show_dots":"hidden","dot_owl":"default","dots_cl":"dark","dots_round":true,"dots_space":10,"dots_bottom_pos":20,"featured_item":false,"use_pagination":"none","btn_replace":"","btns_size":"default","btn_icon":false,"enable_bar_lm":true,"style_bar_lm":"default","progress_bar_primary_cl":"#E6E5ED","progress_bar_second_cl":"#BFBEC8","progress_bar_text_cl":"#27262C","progress_bar_active_cl":"#4C4B51","pagination_distance":20,"pagination_position":"bee-text-center","button_style":"default","btns_cl":"dark","button_effect":"default"}}},"block_order":["template--16532421640444__dfd9ff1e-55e7-434c-96ab-01e7bb54490d-1681442395dde25325-0","template--16532421640444__dfd9ff1e-55e7-434c-96ab-01e7bb54490d-1681442395dde25325-1","template--16532421640444__dfd9ff1e-55e7-434c-96ab-01e7bb54490d-1681442395dde25325-2"],"settings":{"heading_center":true,"top_heading":"Trending Products","top_subheading":"","tophead_mb":30,"tophead_mb_tb":30,"tophead_mb_mb":25,"title_inline":false,"tabs_des":"base","tabs_pos":"center","tabslist_mb":30,"tabslist_mb_tb":30,"tabslist_mb_mb":30,"item_fs":16,"item_lh":30,"item_fw":500,"item_ls":0,"icon_width":30,"item_rounded":true,"pri_cl":"#151515","secon_cl":"#858585","pri_active_cl":"#222222","secon_active_cl":"#ffffff","space_between":30,"space_between_tb":20,"space_between_mb":15,"layout":"bee-container-wrap","cl_bg":"","cl_bg_gradient":"","mg":",,50px,","pd":"","mg_tb":",,30px,","pd_tb":"","mg_mb":",,30px,","pd_mb":""}}},"order":["3cab99f8-0c98-434e-8dee-45e6e7a03b0b","ffd88d45-7670-4ce4-8052-3f4cb76bb7d4","28c45093-4ee4-4c1c-88f3-ec268824a54f","3a16fcfa-d93a-4f46-862e-4c79dcd868d0","f378e36c-854c-4f56-a940-6420038e49f4","b675bea4-72d0-4ccc-a93a-7f5ff0a001d1","709f0a2a-1c21-44e5-91d6-1c46ac1e9a01","e3f7b6d7-4c8a-40e7-8e69-531f95bb692a","4c9818a8-c0f0-41ed-b7e1-414294b10c67","dfd9ff1e-55e7-434c-96ab-01e7bb54490d"]}