{"sections":{"heading":{"type":"heading-dynamic","blocks":{"53dd1a63-d07d-45b5-a14b-2cda6b6a7e39":{"type":"1","settings":{"heading":"","tag":"h2","fontf":"inherit","text_cl":"#000000","text_fs":40,"text_lh":56,"text_fw":300,"text_ls":0,"mgb":10,"font_italic":false,"font_uppercase":false,"text_shadow":false,"text_fs_tb":35,"text_lh_tb":46,"text_ls_tb":0,"mgb_tb":20,"hidden_mobile":false,"text_fs_mb":35,"text_lh_mb":46,"text_ls_mb":0,"mgb_mb":20}}},"block_order":["53dd1a63-d07d-45b5-a14b-2cda6b6a7e39"],"settings":{"parallax":false,"bg_overlay":"#f5f5f5","bg_opacity":0,"padding_top":75,"padding_bottom":75,"padding_top_tb":50,"padding_bottom_tb":50,"padding_top_mb":50,"padding_bottom_mb":50,"box_border":"top_bottom","bg_repeat":"no-repeat","bg_size":"cover","mgb":50,"mgb_tb":50,"mgb_mb":50}},"main":{"type":"main-list-collections","blocks":{"5c5a03c9-27a4-405a-a19e-e8562fb7476f":{"type":"collection","settings":{"collection":"accessories","title":"Accessories"}},"80aec23c-e18a-4527-9735-9ae1cf5294c4":{"type":"collection","settings":{"collection":"bags","title":"Bags"}},"4a9be74e-af41-4773-93ac-fa605cd0ffb3":{"type":"collection","settings":{"collection":"for-beach","title":"Beach"}},"bbcff9c1-ccff-44f6-8abb-df811c1f9c0e":{"type":"collection","settings":{"collection":"kid","title":"Kids"}},"b38f8277-4342-46e4-ba34-3664ad1d8e7c":{"type":"collection","settings":{"collection":"men","title":"Men"}},"a4ba644f-87f7-4c3f-808b-272e2991a3ae":{"type":"collection","settings":{"collection":"women","title":"Women"}},"12381dbc-20bb-429c-93bb-efe804f1f620":{"type":"collection","settings":{"collection":"ligting-deco","title":"Lamp"}},"0cbf6dcd-2065-4b7a-a27f-d29fa2e13983":{"type":"collection","settings":{"collection":"gym-equipment","title":"Gym"}}},"block_order":["5c5a03c9-27a4-405a-a19e-e8562fb7476f","80aec23c-e18a-4527-9735-9ae1cf5294c4","4a9be74e-af41-4773-93ac-fa605cd0ffb3","bbcff9c1-ccff-44f6-8abb-df811c1f9c0e","b38f8277-4342-46e4-ba34-3664ad1d8e7c","a4ba644f-87f7-4c3f-808b-272e2991a3ae","12381dbc-20bb-429c-93bb-efe804f1f620","0cbf6dcd-2065-4b7a-a27f-d29fa2e13983"],"settings":{"cat_design":"4","title_cl":"#151515","title_cl_hover":"#544179","subtitle_cl":"#878787","count_cl":"#222222","border_cl":"#e5e5e5","display_type":"selected","limit":8,"layout_des":"1","col_dk":"4","col_tb":"3","col_mb":"2","space_h_item":"30","space_v_item":"30","space_h_item_tb":"15","space_v_item_tb":"15","space_h_item_mb":"15","space_v_item_mb":"15","title_fs":20,"title_fw":400,"open_link":"_self","content_pos":"1","space_bottom":20,"space_bottom_tb":10,"space_bottom_mb":10,"content_width":180,"content_height":60,"content_width_tb":140,"content_height_tb":40,"content_width_mb":140,"content_height_mb":40,"border":false,"item_pd":0,"item_rd":0,"img_effect":"zoom","image_ratio":"bee_rationt","image_size":"bee_cover","image_position":"bee_position_8","use_pagination":"default","enable_bar_lm":true,"btn_icon":false,"style_bar_lm":"default","border_cl_active":"#000000","pagination_distance":20,"pagination_position":"bee-text-center","button_style":"default","btns_size":"1","btns_cl":"primary","button_effect":"fade","layout":"bee-container-wrap","cl_bg":"","cl_bg_gradient":"","mg":",,50px,","pd":"","mg_mb":",,30px,","pd_mb":""}}},"order":["heading","main"]}