{"sections":{"heading":{"type":"heading-static","disabled":true,"settings":{"parallax":false,"bg_overlay":"#000000","bg_opacity":0,"padding_top":75,"padding_bottom":75,"padding_top_tb":50,"padding_bottom_tb":50,"padding_top_mb":50,"padding_bottom_mb":50,"box_border":"top_bottom","bg_repeat":"no-repeat","bg_size":"cover","mgb":50,"mgb_tb":50,"mgb_mb":50}},"main":{"type":"main-page","disabled":true,"settings":{"layout":"bee-container-wrap","cl_bg":"","cl_bg_gradient":"","mg":"60px,,60px,","pd":"","mg_tb":",,50px,","pd_tb":"","mg_mb":",,30px,","pd_mb":""}},"6cbda023-678a-4243-af10-ac0abed5eed4":{"type":"accordion","blocks":{"template--16626443354360__6cbda023-678a-4243-af10-ac0abed5eed4-1669098688f5be1f9f-0":{"type":"accor_item","settings":{"icon":"none","title":"1. Before you get started","content":"<p>We love to hear from you on our customer service, merchandise, website or any topics you want to share with us. Your comments and suggestions will be appreciated. Please complete the form below.<\/p>"}},"template--16626443354360__6cbda023-678a-4243-af10-ac0abed5eed4-1669098688f5be1f9f-1":{"type":"accor_item","settings":{"icon":"none","title":"2. Versatile hosting plans and pricing","content":"<p>We love to hear from you on our customer service, merchandise, website or any topics you want to share with us. Your comments and suggestions will be appreciated. Please complete the form below.<\/p>"}},"template--16626443354360__6cbda023-678a-4243-af10-ac0abed5eed4-1669098688f5be1f9f-2":{"type":"accor_item","settings":{"icon":"none","title":"3. Compatibility with premium plugins","content":"<p>Lorem ipsum dolor sit amet, consectetur adipisicing elit, sed do eiusmod tempor incididunt ut labore et dolore magna aliqua. Ut enim ad minim veniam, quis<br\/>nostrud exercitation ullamco laboris nisi ut aliquip ex ea commodo consequat. Duis aute irure dolor in reprehenderit in voluptate velit esse cillum dolore eu<br\/>fugiat nulla pariatur. Excepteur sint occaecat cupidatat non proident, sunt in culpa qui officia deserunt mollit anim id est laborum. Sed ut perspiciatis unde<\/p>"}},"49e228c2-595c-42ee-abb2-2ddcf508b598":{"type":"accor_item","settings":{"icon":"none","title":"4. Install theme demo contents","content":"<p>We love to hear from you on our customer service, merchandise, website or any topics you want to share with us. Your comments and suggestions will be appreciated. Please complete the form below.<\/p>"}},"7fcde040-dd11-4f09-9087-8dc04a8df747":{"type":"accor_item","settings":{"icon":"none","title":"5. Layout and design options","content":"<p>We love to hear from you on our customer service, merchandise, website or any topics you want to share with us. Your comments and suggestions will be appreciated. Please complete the form below.<\/p>"}},"a530ba6c-ba89-4c7c-9bb8-b5a136627054":{"type":"accor_item","settings":{"icon":"none","title":"6. Translation and localization services","content":"<p>We love to hear from you on our customer service, merchandise, website or any topics you want to share with us. Your comments and suggestions will be appreciated. Please complete the form below.<\/p>"}},"907882a3-c916-40b8-a6a8-1afcb050d7d5":{"type":"accor_item","settings":{"icon":"none","title":"7. Connecting social media channels","content":"<p>We love to hear from you on our customer service, merchandise, website or any topics you want to share with us. Your comments and suggestions will be appreciated. Please complete the form below.<\/p>"}},"d0db5676-4704-46a7-9ba8-cca794009384":{"type":"accor_item","settings":{"icon":"none","title":"8. Optimize theme speed & performance","content":"<p>We love to hear from you on our customer service, merchandise, website or any topics you want to share with us. Your comments and suggestions will be appreciated. Please complete the form below.<\/p>"}},"b37c3427-c18d-41c1-a54c-17cb229f156a":{"type":"accor_item","settings":{"icon":"none","title":"9. Live chat support","content":"<p>We love to hear from you on our customer service, merchandise, website or any topics you want to share with us. Your comments and suggestions will be appreciated. Please complete the form below.<\/p>"}},"5cc2b322-66d2-4ce4-bcd3-0d578951949f":{"type":"accor_item","settings":{"icon":"none","title":"10. Developer documentation","content":"<p>We love to hear from you on our customer service, merchandise, website or any topics you want to share with us. Your comments and suggestions will be appreciated. Please complete the form below.<\/p>"}}},"block_order":["template--16626443354360__6cbda023-678a-4243-af10-ac0abed5eed4-1669098688f5be1f9f-0","template--16626443354360__6cbda023-678a-4243-af10-ac0abed5eed4-1669098688f5be1f9f-1","template--16626443354360__6cbda023-678a-4243-af10-ac0abed5eed4-1669098688f5be1f9f-2","49e228c2-595c-42ee-abb2-2ddcf508b598","7fcde040-dd11-4f09-9087-8dc04a8df747","a530ba6c-ba89-4c7c-9bb8-b5a136627054","907882a3-c916-40b8-a6a8-1afcb050d7d5","d0db5676-4704-46a7-9ba8-cca794009384","b37c3427-c18d-41c1-a54c-17cb229f156a","5cc2b322-66d2-4ce4-bcd3-0d578951949f"],"settings":{"heading_center":true,"top_heading":"Frequently Asked Questions","top_subheading":"","tophead_mb":70,"tophead_mb_tb":30,"tophead_mb_mb":25,"title_pd":"20px 0","fs_title":16,"fw_title":600,"fs_content":16,"fw_content":400,"title_cl":"#858585","bg_title_cl":"","title_active_cl":"#000000","bg_title_active_cl":"","content_cl":"#000000","bg_ac_content_cl":"","content_align":"default","auto_active":true,"border_bt":true,"layout":"bee-se-container","custom_width":1000,"cl_bg":"","cl_bg_gradient":"","mg":"","pd":"90px,,,,","mg_mb":"","pd_mb":""}}},"order":["heading","main","6cbda023-678a-4243-af10-ac0abed5eed4"]}