{"sections":{"heading":{"type":"heading-static","disabled":true,"settings":{"parallax":false,"bg_overlay":"#000000","bg_opacity":0,"padding_top":75,"padding_bottom":75,"padding_top_tb":50,"padding_bottom_tb":50,"padding_top_mb":50,"padding_bottom_mb":50,"box_border":"top_bottom","bg_repeat":"no-repeat","bg_size":"cover","mgb":50,"mgb_tb":50,"mgb_mb":50}},"main":{"type":"main-page","disabled":true,"settings":{"layout":"bee-container-wrap","cl_bg":"","cl_bg_gradient":"","mg":"60px,,60px,","pd":"","mg_tb":",,50px,","pd_tb":"","mg_mb":",,30px,","pd_mb":""}},"8d6465b5-01f9-4131-978e-8f759baf7ceb":{"type":"banner","blocks":{"template--16626146148600__8d6465b5-01f9-4131-978e-8f759baf7ceb-16690787125dcc471a-0":{"type":"b_item","settings":{"custom_dk":true,"height_dk":680,"custom_tb":true,"height_tb":400,"custom_mb":true,"height_mb":300,"image":"shopify:\/\/shop_images\/Layer_1236.png","image_size":"cover","image_position":"start","b_link":"","open_link":"_self","img_effect":"none","b_effect":"none","col_dk":"12","col_dk_w":"33.33333","col_tb":"12","col_dk_w_tb":"33.33333","col_mb":"12","content_align":"center","content_align_tb":"center","content_align_mb":"center","content_width":"bee-container","cv_pos":50,"ch_pos":50,"cv_pos_tb":50,"ch_pos_tb":50,"cv_pos_mb":50,"ch_pos_mb":50,"bg_overlay":"#000000","bg_opacity":0,"bg_content_bl":false,"bg_content_cl":"#ffffff","bg_content_op":50,"content_pd_tb":20,"content_pd_lr":20,"content_pd_tb_mb":10,"content_pd_lr_mb":10,"border_bl":false,"br_color":"#222222","br_bg":"#ffffff","br_opacity":50,"br_style":"solid","br_pd":20,"br_pd_mb":10,"time_animation":1,"animation_delay":40}},"template--16626146148600__8d6465b5-01f9-4131-978e-8f759baf7ceb-16690787125dcc471a-1":{"type":"custom_text","settings":{"text":"Contact Us","remove_br_tag":false,"tag":"p","fontf":"inherit","text_cl":"#ffffff","text_fs":48,"text_lh":0,"text_fw":300,"text_ls":0,"font_italic":false,"text_shadow":false,"mgb":20,"text_fs_tb":30,"text_lh_tb":0,"text_ls_tb":0,"mgb_tb":20,"hidden_mobile":false,"text_fs_mb":30,"text_lh_mb":0,"text_ls_mb":0,"mgb_mb":20,"animation":"fadeIn"}},"template--16626146148600__8d6465b5-01f9-4131-978e-8f759baf7ceb-16690787125dcc471a-2":{"type":"custom_text","settings":{"text":"Got a project in mind? We'd love to hear about it. Take five minutes to fill out our<br>\nproject form so that we can get to know you and understand your project.","remove_br_tag":true,"tag":"p","fontf":"inherit","text_cl":"#ffffff","text_fs":15,"text_lh":28,"text_fw":400,"text_ls":0,"font_italic":false,"text_shadow":false,"mgb":5,"text_fs_tb":15,"text_lh_tb":28,"text_ls_tb":0,"mgb_tb":10,"hidden_mobile":false,"text_fs_mb":15,"text_lh_mb":28,"text_ls_mb":0,"mgb_mb":10,"animation":"fadeIn"}}},"block_order":["template--16626146148600__8d6465b5-01f9-4131-978e-8f759baf7ceb-16690787125dcc471a-0","template--16626146148600__8d6465b5-01f9-4131-978e-8f759baf7ceb-16690787125dcc471a-1","template--16626146148600__8d6465b5-01f9-4131-978e-8f759baf7ceb-16690787125dcc471a-2"],"settings":{"space_h_item":"30","space_v_item":"30","space_h_item_tb":"30","space_v_item_tb":"30","space_h_item_mb":"10","space_v_item_mb":"10","layout":"bee-container-fluid","cl_bg":"","cl_bg_gradient":"","mg":",,90px,","pd":"","mg_tb":",,40px,","pd_tb":"","mg_mb":",,40px,","pd_mb":""}},"a934df5f-68b1-496e-9a1f-80a739a35958":{"type":"contact-form","blocks":{"befa575a-4d36-4b1f-81dd-6355e21f99bb":{"type":"custom_text","settings":{"text":"CONTACT DETAILS","remove_br_tag":false,"tag":"p","fontf":"inherit","text_cl":"#858585","text_fs":10,"text_lh":0,"text_fw":700,"text_ls":0,"mgb":15,"font_italic":false,"text_shadow":false,"text_fs_tb":10,"text_lh_tb":0,"text_ls_tb":0,"mgb_tb":10,"hidden_mobile":false,"text_fs_mb":10,"text_lh_mb":0,"text_ls_mb":0,"mgb_mb":10}},"543e4425-b3ee-42d4-bd0e-e45ee4f4a62a":{"type":"custom_text","settings":{"text":"<div style=\"display:flex; align-items:center\">\n<svg xmlns=\"http:\/\/www.w3.org\/2000\/svg\" width=\"18\" height=\"18\" viewbox=\"0 0 16 18\">\n  <metadata><?xpacket begin=\"﻿\" id=\"W5M0MpCehiHzreSzNTczkc9d\"?>\n<xmpmeta xmlns:x=\"adobe:ns:meta\/\" x:xmptk=\"Adobe XMP Core 5.6-c138 79.159824, 2016\/09\/14-01:09:01        \">\n   <rdf xmlns:rdf=\"http:\/\/www.w3.org\/1999\/02\/22-rdf-syntax-ns#\">\n      <description rdf:about=\"\"><\/description>\n   <\/rdf>\n<\/xmpmeta>                         \n<?xpacket end=\"w\"?><\/metadata>\n<defs>\n    <style>\n      .cls-1 {\n        fill: #aaa;\n        fill-rule: evenodd;\n      }\n    <\/style>\n  <\/defs>\n  <path id=\"pin\" class=\"cls-1\" d=\"M118,844.989l-0.477-.26c-0.307-.168-7.523-4.16-7.523-9.709a8,8,0,1,1,16,0c0,5.549-7.216,9.541-7.523,9.709ZM118,829a6.016,6.016,0,0,0-6,6.019c0,3.649,4.5,6.737,6,7.663,1.5-.926,6-4.014,6-7.663A6.016,6.016,0,0,0,118,829Zm0,10.031a4.013,4.013,0,1,1,4-4.012A4.01,4.01,0,0,1,118,839.032Zm0-6.018a2.006,2.006,0,1,0,2,2.006A2,2,0,0,0,118,833.014Z\" transform=\"translate(-110 -827)\"><\/path>\n<\/svg>\n<span style=\"font-size:13px;font-weight:600;margin:0 5px;color:#151515\">45 Litle Lonsdale St, Melbourne<\/span>\n<\/div>","remove_br_tag":true,"tag":"div","fontf":"inherit","text_cl":"#000000","text_fs":16,"text_lh":0,"text_fw":400,"text_ls":0,"mgb":15,"font_italic":false,"text_shadow":false,"text_fs_tb":16,"text_lh_tb":0,"text_ls_tb":0,"mgb_tb":10,"hidden_mobile":false,"text_fs_mb":16,"text_lh_mb":0,"text_ls_mb":0,"mgb_mb":10}},"42e25fd1-9150-4855-a741-f4c37a1c34e5":{"type":"custom_text","settings":{"text":"<div style=\"display:flex; align-items:center\">\n<svg xmlns=\"http:\/\/www.w3.org\/2000\/svg\" width=\"12\" height=\"18\" viewbox=\"0 0 12 18\">\n  <metadata><?xpacket begin=\"﻿\" id=\"W5M0MpCehiHzreSzNTczkc9d\"?>\n<xmpmeta xmlns:x=\"adobe:ns:meta\/\" x:xmptk=\"Adobe XMP Core 5.6-c138 79.159824, 2016\/09\/14-01:09:01        \">\n   <rdf xmlns:rdf=\"http:\/\/www.w3.org\/1999\/02\/22-rdf-syntax-ns#\">\n      <description rdf:about=\"\"><\/description>\n   <\/rdf>\n<\/xmpmeta>                        \n<?xpacket end=\"w\"?><\/metadata>\n<defs>\n    <style>\n      .cls-1 {\n        fill: #aaa;\n        fill-rule: evenodd;\n      }\n    <\/style>\n  <\/defs>\n  <path id=\"mobile\" class=\"cls-1\" d=\"M118.02,879a1,1,0,0,1-.01-2h0.01A1,1,0,0,1,118.02,879ZM119,869h-2a1,1,0,0,1,0-2h2A1,1,0,0,1,119,869Zm4,13H113a1,1,0,0,1-1-1V865a1,1,0,0,1,1-1h10a1,1,0,0,1,1,1v16A1,1,0,0,1,123,882Zm-9-2h8V866h-8v14Z\" transform=\"translate(-112 -864)\"><\/path>\n<\/svg>\n<span style=\"font-size:13px;font-weight:600;margin:0 10px;color:#151515\">007-123-456<\/span>\n<\/div>","remove_br_tag":false,"tag":"div","fontf":"inherit","text_cl":"#000000","text_fs":16,"text_lh":0,"text_fw":400,"text_ls":0,"mgb":15,"font_italic":false,"text_shadow":false,"text_fs_tb":16,"text_lh_tb":0,"text_ls_tb":0,"mgb_tb":10,"hidden_mobile":false,"text_fs_mb":16,"text_lh_mb":0,"text_ls_mb":0,"mgb_mb":10}},"4d4147ad-684e-495d-a22a-09917dce6ef4":{"type":"custom_text","settings":{"text":"<div style=\"display:flex; align-items:center\">\n<svg xmlns=\"http:\/\/www.w3.org\/2000\/svg\" width=\"18\" height=\"18\" viewbox=\"0 0 18 12\">\n  <metadata><?xpacket begin=\"﻿\" id=\"W5M0MpCehiHzreSzNTczkc9d\"?>\n<xmpmeta xmlns:x=\"adobe:ns:meta\/\" x:xmptk=\"Adobe XMP Core 5.6-c138 79.159824, 2016\/09\/14-01:09:01        \">\n   <rdf xmlns:rdf=\"http:\/\/www.w3.org\/1999\/02\/22-rdf-syntax-ns#\">\n      <description rdf:about=\"\"><\/description>\n   <\/rdf>\n<\/xmpmeta>                                                                                                                        \n<?xpacket end=\"w\"?><\/metadata>\n<defs>\n    <style>\n      .cls-1 {\n        fill: #aaa;\n        fill-rule: evenodd;\n      }\n    <\/style>\n  <\/defs>\n  <path id=\"email\" class=\"cls-1\" d=\"M126,903H110a1,1,0,0,0-1,1v10a1,1,0,0,0,1,1h16a1,1,0,0,0,1-1V904A1,1,0,0,0,126,903Zm-3.538,2L118,906.912,113.538,905h8.924ZM111,913v-6.912l7,3,7-3V913H111Z\" transform=\"translate(-109 -903)\"><\/path>\n<\/svg>\n<span style=\"font-size:13px;font-weight:600;margin:0 5px;color:#151515\">info@zonex.com<\/span>\n<\/div>","remove_br_tag":false,"tag":"div","fontf":"inherit","text_cl":"#000000","text_fs":16,"text_lh":0,"text_fw":400,"text_ls":0,"mgb":15,"font_italic":false,"text_shadow":false,"text_fs_tb":16,"text_lh_tb":0,"text_ls_tb":0,"mgb_tb":10,"hidden_mobile":false,"text_fs_mb":16,"text_lh_mb":0,"text_ls_mb":0,"mgb_mb":10}},"template--16625277534456__a934df5f-68b1-496e-9a1f-80a739a35958-1669022895aa08512f-2":{"type":"space_html","disabled":true,"settings":{"color":"#e7e7e7","width":300,"height":1,"mgb":20,"width_tb":420,"height_tb":1,"mgb_tb":20,"width_mb":420,"height_mb":1,"hidden_mobile":false,"mgb_mb":20}},"template--16625277534456__a934df5f-68b1-496e-9a1f-80a739a35958-1669022895aa08512f-3":{"type":"custom_text","settings":{"text":"OPENING HOURS","remove_br_tag":true,"tag":"p","fontf":"inherit","text_cl":"#858585","text_fs":10,"text_lh":0,"text_fw":700,"text_ls":0,"mgb":15,"font_italic":false,"text_shadow":false,"text_fs_tb":10,"text_lh_tb":0,"text_ls_tb":0,"mgb_tb":10,"hidden_mobile":false,"text_fs_mb":10,"text_lh_mb":0,"text_ls_mb":0,"mgb_mb":10}},"template--16625277534456__a934df5f-68b1-496e-9a1f-80a739a35958-1669022895aa08512f-4":{"type":"custom_text","settings":{"text":"<div class=\"bee-d-flex bee-justify-content-between\">\n<span>Monday - Friday<\/span> <span>10:00 - 18:00<\/span>\n<\/div><div class=\"bee-d-flex bee-justify-content-between\">\n<span>Saturday<\/span> <span>10:00 - 14:00<\/span>\n<\/div><div class=\"bee-d-flex bee-justify-content-between\">\n<span>Sunday<\/span> <span>Closed<\/span>\n<\/div>","remove_br_tag":false,"tag":"div","fontf":"inherit","text_cl":"#151515","text_fs":13,"text_lh":24,"text_fw":500,"text_ls":0,"mgb":20,"font_italic":false,"text_shadow":false,"text_fs_tb":13,"text_lh_tb":24,"text_ls_tb":0,"mgb_tb":20,"hidden_mobile":false,"text_fs_mb":13,"text_lh_mb":24,"text_ls_mb":0,"mgb_mb":20}}},"block_order":["befa575a-4d36-4b1f-81dd-6355e21f99bb","543e4425-b3ee-42d4-bd0e-e45ee4f4a62a","42e25fd1-9150-4855-a741-f4c37a1c34e5","4d4147ad-684e-495d-a22a-09917dce6ef4","template--16625277534456__a934df5f-68b1-496e-9a1f-80a739a35958-1669022895aa08512f-2","template--16625277534456__a934df5f-68b1-496e-9a1f-80a739a35958-1669022895aa08512f-3","template--16625277534456__a934df5f-68b1-496e-9a1f-80a739a35958-1669022895aa08512f-4"],"settings":{"source":"none","se_height":"bee_ratioadapt","custom_dk":true,"height_dk":600,"custom_tb":true,"height_tb":400,"custom_mb":true,"height_mb":250,"map":"<iframe src=\"https:\/\/www.google.com\/maps\/embed?pb=!1m18!1m12!1m3!1d3154.8939060848147!2d144.81158271584684!3d-37.74563313792195!2m3!1f0!2f0!3f0!3m2!1i1024!2i768!4f13.1!3m3!1m2!1s0x6ad65fa6debeb781%3A0xe1d23f5d1759961e!2s184%20Main%20Rd%20E%2C%20St%20Albans%20VIC%203021%2C%20%C3%9Ac!5e0!3m2!1svi!2s!4v1618277125252!5m2!1svi!2s\" width=\"100%\" height=\"600\" style=\"border: 0;\" allowfullscreen=\"\" loading=\"lazy\"><\/iframe>","text_align":"center","text_align_mb":"center","content_width":"auto","cv_pos":50,"ch_pos":15,"cv_pos_tb":50,"ch_pos_tb":50,"cv_pos_mb":50,"ch_pos_mb":50,"bg_overlay":"#000000","bg_opacity":15,"bg_content_cl":"#ffffff","bg_content_op":100,"content_pd_tb":30,"content_pd_lr":30,"content_pd_tb_mb":20,"content_pd_lr_mb":20,"border_bl":false,"br_color":"#222222","br_bg":"#ffffff","br_opacity":50,"br_style":"solid","br_pd":20,"br_pd_mb":10,"form_style":"2","title_form":"","heading_form":"Get In Touch","sub_heading_form":"","enable_full_btn_form":false,"button_style_form":"default","btn_size_form":"default","btn_cl_form":"dark","layout":"bee-se-container","cl_bg":"","cl_bg_gradient":"","mg":",,100px,","pd":"","mg_tb":",,50px,","pd_tb":"","mg_mb":",,40px,","pd_mb":""}},"49d6cdcf-0230-4cba-b2a1-8dc22d29ed19":{"type":"box-contact","blocks":{"template--16626146148600__49d6cdcf-0230-4cba-b2a1-8dc22d29ed19-166908082911b4e152-0":{"type":"box_contact","settings":{"heading_box_contact":"MELBOURNE OFFICE","address_box_contact":"45 Little Lonsdale St, Melbourne","phone_number_contact":"007 123 456","email_box_contact":"info@cobis.com"}},"template--16626146148600__49d6cdcf-0230-4cba-b2a1-8dc22d29ed19-166908082911b4e152-1":{"type":"box_contact","settings":{"heading_box_contact":"SYDNEY STORE","address_box_contact":"Elizabeth Street 123 50050 Sydney","phone_number_contact":"+ 123 4567 8899","email_box_contact":"info@cobis.com"}},"template--16626146148600__49d6cdcf-0230-4cba-b2a1-8dc22d29ed19-166908082911b4e152-2":{"type":"box_contact","settings":{"heading_box_contact":"PARIS STORE","address_box_contact":"Rue Vieille Du Temple, Paris","phone_number_contact":"+99 411 725 39 12","email_box_contact":"info@cobis.com"}},"template--16626146148600__49d6cdcf-0230-4cba-b2a1-8dc22d29ed19-166908082911b4e152-3":{"type":"box_contact","settings":{"heading_box_contact":"MILANO STORE","address_box_contact":"72 Via Montena, Milano","phone_number_contact":"+99 411 725 39 12","email_box_contact":"info@cobis.com"}}},"block_order":["template--16626146148600__49d6cdcf-0230-4cba-b2a1-8dc22d29ed19-166908082911b4e152-0","template--16626146148600__49d6cdcf-0230-4cba-b2a1-8dc22d29ed19-166908082911b4e152-1","template--16626146148600__49d6cdcf-0230-4cba-b2a1-8dc22d29ed19-166908082911b4e152-2","template--16626146148600__49d6cdcf-0230-4cba-b2a1-8dc22d29ed19-166908082911b4e152-3"],"settings":{"heading_center":true,"top_heading":"","top_subheading":"","tophead_mb":30,"tophead_mb_tb":30,"tophead_mb_mb":25,"col_dk":"4","col_tb":"2","col_mb":"1","cl_heading_contact":"#858585","heading_fs":10,"mb_heading_contact":"20","heading_fw":700,"cl_text_contact":"#151515","cl_icon_contact":"#aaaaaa","fs":13,"fw":500,"lh":13,"mb_box_contact":"15","space_h_item":"30","space_v_item":"30","space_h_item_mb":"15","space_v_item_mb":"15","carousel_mobile":true,"dots_cl":"dark","dots_round":true,"layout":"bee-container-wrap","cl_bg":"#f8f8f8","cl_bg_gradient":"","mg":"","pd":"100px,,100px,","mg_tb":"","pd_tb":"40px,,40px,","mg_mb":"","pd_mb":"40px,,40px,"}}},"order":["heading","main","8d6465b5-01f9-4131-978e-8f759baf7ceb","a934df5f-68b1-496e-9a1f-80a739a35958","49d6cdcf-0230-4cba-b2a1-8dc22d29ed19"]}