{"sections":{"heading":{"type":"heading-static","settings":{"parallax":false,"bg_overlay":"#000000","bg_opacity":0,"padding_top":75,"padding_bottom":75,"padding_top_tb":50,"padding_bottom_tb":50,"padding_top_mb":50,"padding_bottom_mb":50,"box_border":"top_bottom","bg_repeat":"no-repeat","bg_size":"cover","mgb":50,"mgb_tb":50,"mgb_mb":50}},"main":{"type":"main-page","disabled":true,"settings":{"layout":"bee-container-wrap","cl_bg":"","cl_bg_gradient":"","mg":"60px,,60px,","pd":"","mg_tb":",,50px,","pd_tb":"","mg_mb":",,30px,","pd_mb":""}},"5305fbdd-71d8-419a-b929-9eff72f9d42d":{"type":"hero-image","blocks":{"template--16626485592312__5305fbdd-71d8-419a-b929-9eff72f9d42d-166910295101fcfd04-1":{"type":"custom_text","settings":{"text":"Hello,<br>\nI’m Kazen.","remove_br_tag":true,"tag":"p","fontf":"1","text_cl":"#ffffff","text_fs":72,"text_lh":0,"text_fw":700,"text_ls":0,"mgb":35,"font_italic":false,"text_shadow":false,"text_fs_tb":45,"text_lh_tb":0,"text_ls_tb":0,"mgb_tb":30,"hidden_mobile":false,"text_fs_mb":35,"text_lh_mb":0,"text_ls_mb":0,"mgb_mb":25,"animation":"fadeIn"}},"template--16626485592312__5305fbdd-71d8-419a-b929-9eff72f9d42d-166910295101fcfd04-0":{"type":"custom_text","settings":{"text":"<div style=\"margin-bottom: 6px\">\n        <span style=\"font-weight:600; font-size: 13px; color: #fff; margin-right: 20px \">Born:<\/span>\n        <span style=\"font-size: 13px; color: #fff;\">1990, Berkley, Lives and works in Toronto.<\/span>\n    <\/div>\n    <div style=\"margin-bottom: 6px\">\n        <span style=\"font-weight:600; font-size: 13px; color: #fff; margin-right: 16px \">Email:<\/span>\n        <span style=\"font-size: 13px; color: #fff;\">kazenart@gmail.com<\/span>\n    <\/div>\n    <div>\n        <span style=\"font-weight:600; font-size: 13px; color: #fff; margin-right: 8px \">Phone:<\/span>\n        <span style=\"font-size: 13px; color: #fff;\">+1 256 256 87 56<\/span>\n    <\/div>","remove_br_tag":false,"tag":"p","fontf":"1","text_cl":"#ffffff","text_fs":16,"text_lh":0,"text_fw":400,"text_ls":1,"mgb":15,"font_italic":false,"text_shadow":false,"text_fs_tb":16,"text_lh_tb":0,"text_ls_tb":0,"mgb_tb":10,"hidden_mobile":false,"text_fs_mb":16,"text_lh_mb":0,"text_ls_mb":0,"mgb_mb":10,"animation":"fadeIn"}}},"block_order":["template--16626485592312__5305fbdd-71d8-419a-b929-9eff72f9d42d-166910295101fcfd04-1","template--16626485592312__5305fbdd-71d8-419a-b929-9eff72f9d42d-166910295101fcfd04-0"],"settings":{"se_height":"bee_ratioadapt_mix","custom_dk":false,"height_dk":600,"custom_tb":true,"height_tb":400,"custom_mb":true,"height_mb":250,"image":"shopify:\/\/shop_images\/banner_909c234e-2893-4bd4-9196-7445a022deab.png","parallax":true,"link_img1":"shopify:\/\/collections","open_link":"_blank","bottom_arrow":false,"bottom_arrow_style":"button","bottom_arrow_color":"light","bottom_arrow_pos":"2","text_align":"start","text_align_tb":"start","text_align_mb":"center","content_width":"container","cv_pos":50,"ch_pos":50,"cv_pos_tb":50,"ch_pos_tb":50,"cv_pos_mb":50,"ch_pos_mb":50,"bg_overlay":"#000000","bg_opacity":0,"bg_content_cl":"#ffffff","bg_content_op":0,"content_pd_tb":15,"content_pd_lr":15,"content_pd_tb_mb":10,"content_pd_lr_mb":10,"border_bl":false,"br_color":"#222222","br_bg":"#ffffff","br_opacity":50,"br_style":"solid","br_pd":20,"br_pd_mb":10,"time_animation":1,"animation_delay":40,"layout":"bee-container-fluid","cl_bg":"","cl_bg_gradient":"","mg":"","pd":"","mg_tb":"","pd_tb":"","mg_mb":"","pd_mb":""}},"55cb275c-d1be-44da-9fdd-7b276c22c258":{"type":"custom-section","blocks":{"538e2f4d-5847-4730-ba8a-87fcb967bcbd":{"type":"bl_col","settings":{"col_dk":"6","col_tb":"6","col_mb":"12","align_vertical":true,"border_col":false,"content_align":"center","content_align_tablet":"center","content_align_mobile":"center","padding_inner":"","padding_inner_tb":"","padding_inner_mb":"","bg_cl":"#ffffff","time_animation":1,"animation_delay":40}},"6fb40252-d44f-49ec-83b4-89063af1fda7":{"type":"image","settings":{"image_child":"shopify:\/\/shop_images\/banner2_00b31b20-0d72-4ec5-9be0-dc8d8b5759aa.png","img_link":"shopify:\/\/collections","open_link":"_self","img_width":0,"img_width_tb":0,"img_width_mb":0,"img_align":"center","img_align_tb":"center","img_align_mobile":"center","img_effect":"none","b_effect":"none","icon_link":false,"pos_t":30,"pos_l":70,"hidden_mobile":false,"mgb":0,"mgb_tb":0,"mgb_mb":0,"animation":"none"}},"196cc1d5-ee85-4ab9-a1a2-c7e58b83e2da":{"type":"bl_col","settings":{"col_dk":"6","col_tb":"6","col_mb":"12","align_vertical":true,"border_col":false,"content_align":"start","content_align_tablet":"start","content_align_mobile":"start","padding_inner":",,,80px","padding_inner_tb":"0,,,70px","padding_inner_mb":",,,,0","bg_cl":"#ffffff","time_animation":1,"animation_delay":40}},"3e90dc0a-3595-45f4-bef6-8af3478b2101":{"type":"custom_text","settings":{"text":"My name is Kazen.<br>\nNice to meet You.","remove_br_tag":false,"tag":"p","fontf":"1","text_cl":"#151515","text_fs":48,"text_lh":53,"text_fw":300,"text_ls":0,"font_italic":false,"text_shadow":false,"mgb":5,"text_fs_tb":34,"text_lh_tb":42,"text_ls_tb":0,"mgb_tb":5,"hidden_mobile":false,"text_fs_mb":28,"text_lh_mb":38,"text_ls_mb":0,"mgb_mb":5,"animation":"none"}},"ec763b79-bb93-41a8-af15-89e0482935f9":{"type":"custom_text","settings":{"text":"I'm a Fashion Designer From San Francisco, CA","remove_br_tag":false,"tag":"p","fontf":"1","text_cl":"#858585","text_fs":15,"text_lh":18,"text_fw":400,"text_ls":0,"font_italic":false,"text_shadow":false,"mgb":35,"text_fs_tb":15,"text_lh_tb":18,"text_ls_tb":0,"mgb_tb":30,"hidden_mobile":false,"text_fs_mb":15,"text_lh_mb":18,"text_ls_mb":0,"mgb_mb":25,"animation":"none"}},"dcfc6728-eee3-48fe-90dd-ba3c57161011":{"type":"custom_text","settings":{"text":"I work with clients from all over the world. I had worked with and serving over 2000 customers and 1000 global companies across 13 countries with over 90% satisfaction rate achieved. \nI claim that the quality of service assessment involves controlling and managing resources by setting priorities for specific types of clients and projects on the system.","remove_br_tag":false,"tag":"p","fontf":"1","text_cl":"#151515","text_fs":16,"text_lh":28,"text_fw":400,"text_ls":0,"font_italic":false,"text_shadow":false,"mgb":40,"text_fs_tb":16,"text_lh_tb":28,"text_ls_tb":0,"mgb_tb":35,"hidden_mobile":false,"text_fs_mb":16,"text_lh_mb":28,"text_ls_mb":0,"mgb_mb":30,"animation":"none"}},"38d10ba9-2415-49c8-b679-797632fb53f8":{"type":"cus_socials","settings":{"title":"FOLLOW ME","fontf":"1","text_cl":"#151515","text_fs":10,"text_lh":28,"text_fw":700,"text_ls":0,"text_fs_tb":10,"text_lh_tb":24,"text_ls_tb":0,"text_fs_mb":10,"text_lh_mb":23,"text_ls_mb":0,"social_mode":"1","social_style":"simple","social_size":"medium","bd_radius":0,"use_color_set":true,"pri_cl":"#858585","pri_hover_cl":"#00badb","space_h_item":"15","space_v_item":"5","space_h_item_mb":"2","space_v_item_mb":"2"}}},"block_order":["538e2f4d-5847-4730-ba8a-87fcb967bcbd","6fb40252-d44f-49ec-83b4-89063af1fda7","196cc1d5-ee85-4ab9-a1a2-c7e58b83e2da","3e90dc0a-3595-45f4-bef6-8af3478b2101","ec763b79-bb93-41a8-af15-89e0482935f9","dcfc6728-eee3-48fe-90dd-ba3c57161011","38d10ba9-2415-49c8-b679-797632fb53f8"],"settings":{"space_h_item":"30","space_v_item":"30","space_h_item_tb":"10","space_v_item_tb":"10","space_h_item_mb":"10","space_v_item_mb":"10","layout":"bee-container-wrap","cl_bg":"","cl_bg_gradient":"","mg":"","pd":"100px,,120px,","mg_tb":"","pd_tb":",15px,,15px","mg_mb":"","pd_mb":",15px,,15px"}},"55cb275c-d1be-44da-9fdd-7b276c22c259":{"type":"custom-section","blocks":{"196cc1d5-ee85-4ab9-a1a2-c7e58b83e21a":{"type":"bl_col","settings":{"col_dk":"6","col_tb":"6","col_mb":"12","align_vertical":true,"border_col":false,"content_align":"start","content_align_tablet":"start","content_align_mobile":"start","padding_inner":",120px,,16.6%","padding_inner_tb":",70px,,16.6%","padding_inner_mb":",15px,,15px","bg_cl":"#ffffff","time_animation":1,"animation_delay":40}},"3e90dc0a-3595-45f4-bef6-8af3478b2121":{"type":"custom_text","settings":{"text":"My skill","remove_br_tag":false,"tag":"p","fontf":"1","text_cl":"#151515","text_fs":48,"text_lh":53,"text_fw":300,"text_ls":0,"font_italic":false,"text_shadow":false,"mgb":10,"text_fs_tb":34,"text_lh_tb":42,"text_ls_tb":0,"mgb_tb":10,"hidden_mobile":false,"text_fs_mb":28,"text_lh_mb":38,"text_ls_mb":0,"mgb_mb":10,"animation":"none"}},"dcfc6728-eee3-48fe-90dd-ba3c57161041":{"type":"custom_text","settings":{"text":"I focus on creating creative, original, and conceptual works for editorial illustrations, magazines, covers, and brands as well as online visual organizations. Through constant learning and improving, my works excel in designing.","remove_br_tag":false,"tag":"p","fontf":"1","text_cl":"#151515","text_fs":16,"text_lh":28,"text_fw":400,"text_ls":0,"font_italic":false,"text_shadow":false,"mgb":40,"text_fs_tb":16,"text_lh_tb":28,"text_ls_tb":0,"mgb_tb":35,"hidden_mobile":false,"text_fs_mb":16,"text_lh_mb":28,"text_ls_mb":0,"mgb_mb":30,"animation":"none"}},"873a061d-a98b-4396-bc4d-e75f0420dec6":{"type":"skillbar","settings":{"text":"UI\/UX","fontf":"inherit","text_cl":"#151515","bg_cl":"#cccccc","bg_bar_cl":"#151515","skill_bar":85,"text_fs":10,"text_lh":0,"text_fw":700,"text_ls":0,"mgb":40,"text_fs_tb":10,"text_lh_tb":0,"text_ls_tb":0,"mgb_tb":30,"text_fs_mb":10,"text_lh_mb":0,"text_ls_mb":0,"mgb_mb":25}},"873a061d-a98b-4396-bc4d-e75f0420dec7":{"type":"skillbar","settings":{"text":"IDEAS","fontf":"inherit","text_cl":"#151515","bg_cl":"#cccccc","bg_bar_cl":"#151515","skill_bar":85,"text_fs":10,"text_lh":0,"text_fw":700,"text_ls":0,"mgb":40,"text_fs_tb":10,"text_lh_tb":0,"text_ls_tb":0,"mgb_tb":30,"text_fs_mb":10,"text_lh_mb":0,"text_ls_mb":0,"mgb_mb":25}},"873a061d-a98b-4396-bc4d-e75f0420dec8":{"type":"skillbar","settings":{"text":"MARKETING","fontf":"inherit","text_cl":"#151515","bg_cl":"#cccccc","bg_bar_cl":"#151515","skill_bar":70,"text_fs":10,"text_lh":0,"text_fw":700,"text_ls":0,"mgb":40,"text_fs_tb":10,"text_lh_tb":0,"text_ls_tb":0,"mgb_tb":30,"text_fs_mb":10,"text_lh_mb":0,"text_ls_mb":0,"mgb_mb":25}},"873a061d-a98b-4396-bc4d-e75f0420dec9":{"type":"skillbar","settings":{"text":"CONSULTING","fontf":"inherit","text_cl":"#151515","bg_cl":"#cccccc","bg_bar_cl":"#151515","skill_bar":70,"text_fs":10,"text_lh":0,"text_fw":700,"text_ls":0,"mgb":40,"text_fs_tb":10,"text_lh_tb":0,"text_ls_tb":0,"mgb_tb":30,"text_fs_mb":10,"text_lh_mb":0,"text_ls_mb":0,"mgb_mb":25}},"751c3317-a86e-4025-bd60-9df5b438b9b2":{"type":"bl_col","settings":{"col_dk":"6","col_tb":"6","col_mb":"12","align_vertical":false,"border_col":false,"content_align":"center","content_align_tablet":"center","content_align_mobile":"center","padding_inner":"30px,,30px,","padding_inner_tb":"15px,,15px,","padding_inner_mb":"15px,,15px,","bg_cl":"#ffffff","time_animation":1,"animation_delay":40}},"29d48701-92f7-4dda-9877-705a5525abf5":{"type":"image","settings":{"image_child":"shopify:\/\/shop_images\/banner3.png","img_link":"","open_link":"_self","img_width":0,"img_width_tb":0,"img_width_mb":0,"img_align":"center","img_align_tb":"center","img_align_mobile":"center","img_effect":"none","b_effect":"none","icon_link":false,"pos_t":30,"pos_l":70,"hidden_mobile":false,"mgb":20,"mgb_tb":20,"mgb_mb":20,"animation":"none"}}},"block_order":["196cc1d5-ee85-4ab9-a1a2-c7e58b83e21a","3e90dc0a-3595-45f4-bef6-8af3478b2121","dcfc6728-eee3-48fe-90dd-ba3c57161041","873a061d-a98b-4396-bc4d-e75f0420dec6","873a061d-a98b-4396-bc4d-e75f0420dec7","873a061d-a98b-4396-bc4d-e75f0420dec8","873a061d-a98b-4396-bc4d-e75f0420dec9","751c3317-a86e-4025-bd60-9df5b438b9b2","29d48701-92f7-4dda-9877-705a5525abf5"],"settings":{"space_h_item":"30","space_v_item":"30","space_h_item_tb":"10","space_v_item_tb":"10","space_h_item_mb":"10","space_v_item_mb":"10","layout":"bee-container-fluid","cl_bg":"","cl_bg_gradient":"","mg":"","pd":",,80px,","mg_tb":"","pd_tb":",,60px,","mg_mb":"","pd_mb":",,40px,"}},"b962278f-059c-48e7-93a8-6ed4ef5e7309":{"type":"hero-image","blocks":{"template--16626485592312__b962278f-059c-48e7-93a8-6ed4ef5e7309-166910295101fcfd04-0":{"type":"custom_text","settings":{"text":"Services","remove_br_tag":false,"tag":"p","fontf":"inherit","text_cl":"#ffffff","text_fs":48,"text_lh":85,"text_fw":300,"text_ls":0,"mgb":18,"font_italic":false,"text_shadow":false,"text_fs_tb":34,"text_lh_tb":56,"text_ls_tb":0,"mgb_tb":15,"hidden_mobile":false,"text_fs_mb":35,"text_lh_mb":43,"text_ls_mb":0,"mgb_mb":12,"animation":"none"}},"template--16626485592312__b962278f-059c-48e7-93a8-6ed4ef5e7309-166910295101fcfd04-1":{"type":"custom_text","settings":{"text":"It’s time to bring it all together. Nothing is more rewarding for me than making great work for <br>clients with meaningful missions.","remove_br_tag":true,"tag":"p","fontf":"1","text_cl":"#ffffff","text_fs":16,"text_lh":28,"text_fw":400,"text_ls":0,"mgb":40,"font_italic":false,"text_shadow":false,"text_fs_tb":16,"text_lh_tb":28,"text_ls_tb":0,"mgb_tb":35,"hidden_mobile":false,"text_fs_mb":16,"text_lh_mb":28,"text_ls_mb":0,"mgb_mb":30,"animation":"none"}},"3143c9eb-9ab7-4922-af2d-e5302714ed4f":{"type":"html","settings":{"html_content":"<div class=\"bee-row \">\n    <div class=\"bee-col-item bee-col-md-4 bee-col-6\" style=\"color:#fff; font-weight: 700; font-size: 10px; line-height: 30px; text-transform: uppercase;\">\n        <p style=\"padding: 5px 0; margin-bottom: 0;\">Logo Design<\/p>\n        <p style=\"padding: 5px 0; margin-bottom: 0;\">Brand Guide<\/p>\n        <p style=\"padding: 5px 0; margin-bottom: 0;\">Package Design<\/p>\n        <p style=\"padding: 5px 0; margin-bottom: 0;\">Poster design<\/p>\n    <\/div>\n    <div class=\"bee-col-item bee-col-md-4 bee-col-6\" style=\"color:#fff; font-weight: 700; font-size: 10px; line-height: 30px; text-transform: uppercase;\">\n        <p style=\"padding: 5px 0; margin-bottom: 0;\">Flayer design<\/p>\n        <p style=\"padding: 5px 0; margin-bottom: 0;\">Advertising<\/p>\n        <p style=\"padding: 5px 0; margin-bottom: 0;\">Web design<\/p>\n        <p style=\"padding: 5px 0; margin-bottom: 0;\">Web advertising<\/p>\n    <\/div>\n    <div class=\"bee-col-item bee-col-md-4 bee-col-6\" style=\"color:#fff; font-weight: 700; font-size: 10px; line-height: 30px; text-transform: uppercase;\">\n        <p style=\"padding: 5px 0; margin-bottom: 0;\">Icon design<\/p>\n        <p style=\"padding: 5px 0; margin-bottom: 0;\">Illustration<\/p>\n        <p style=\"padding: 5px 0; margin-bottom: 0;\">Photography<\/p>\n        <p style=\"padding: 5px 0; margin-bottom: 0;\">Seo<\/p>\n    <\/div>\n   <\/div>","hidden_mobile":false,"animation":"none"}}},"block_order":["template--16626485592312__b962278f-059c-48e7-93a8-6ed4ef5e7309-166910295101fcfd04-0","template--16626485592312__b962278f-059c-48e7-93a8-6ed4ef5e7309-166910295101fcfd04-1","3143c9eb-9ab7-4922-af2d-e5302714ed4f"],"settings":{"se_height":"bee_ratioadapt_mix","custom_dk":true,"height_dk":600,"custom_tb":true,"height_tb":500,"custom_mb":true,"height_mb":600,"image":"shopify:\/\/shop_images\/banner4_aa9cf932-4fee-45d2-a8c9-1c826f1d7405.png","parallax":true,"link_img1":"shopify:\/\/collections","open_link":"_blank","bottom_arrow":false,"bottom_arrow_style":"button","bottom_arrow_color":"light","bottom_arrow_pos":"2","text_align":"start","text_align_tb":"center","text_align_mb":"start","content_width":"auto","cv_pos":50,"ch_pos":48,"cv_pos_tb":52,"ch_pos_tb":48,"cv_pos_mb":50,"ch_pos_mb":0,"bg_overlay":"#000000","bg_opacity":0,"bg_content_cl":"#ffffff","bg_content_op":0,"content_pd_tb":15,"content_pd_lr":15,"content_pd_tb_mb":10,"content_pd_lr_mb":10,"border_bl":false,"br_color":"#222222","br_bg":"#ffffff","br_opacity":50,"br_style":"solid","br_pd":20,"br_pd_mb":10,"time_animation":1,"animation_delay":40,"layout":"bee-container-fluid","cl_bg":"","cl_bg_gradient":"","mg":",,50px,","pd":"","mg_tb":"","pd_tb":"","mg_mb":"","pd_mb":""}},"e71c40e8-c46b-4623-a6e1-b538f8fe4340":{"type":"logo_list","blocks":{"template--16625237950712__e71c40e8-c46b-4623-a6e1-b538f8fe4340-1669089354886d3d5a-0":{"type":"logo_item","settings":{"image":"shopify:\/\/shop_images\/Layer_1061.png","url":"shopify:\/\/collections\/camera"}},"template--16625237950712__e71c40e8-c46b-4623-a6e1-b538f8fe4340-1669089354886d3d5a-1":{"type":"logo_item","settings":{"image":"shopify:\/\/shop_images\/Layer_1064.png","url":"shopify:\/\/products\/3-stripes-baseball-hat"}},"template--16625237950712__e71c40e8-c46b-4623-a6e1-b538f8fe4340-1669089354886d3d5a-2":{"type":"logo_item","settings":{"image":"shopify:\/\/shop_images\/Layer_1066.png","url":"shopify:\/\/collections\/best-seller"}},"template--16625237950712__e71c40e8-c46b-4623-a6e1-b538f8fe4340-1669089354886d3d5a-3":{"type":"logo_item","settings":{"image":"shopify:\/\/shop_images\/Layer_1068.png","url":"shopify:\/\/collections\/accessories"}},"template--16625237950712__e71c40e8-c46b-4623-a6e1-b538f8fe4340-1669089354886d3d5a-4":{"type":"logo_item","settings":{"image":"shopify:\/\/shop_images\/Layer_1070.png","url":"shopify:\/\/collections\/digital-accessories"}}},"block_order":["template--16625237950712__e71c40e8-c46b-4623-a6e1-b538f8fe4340-1669089354886d3d5a-0","template--16625237950712__e71c40e8-c46b-4623-a6e1-b538f8fe4340-1669089354886d3d5a-1","template--16625237950712__e71c40e8-c46b-4623-a6e1-b538f8fe4340-1669089354886d3d5a-2","template--16625237950712__e71c40e8-c46b-4623-a6e1-b538f8fe4340-1669089354886d3d5a-3","template--16625237950712__e71c40e8-c46b-4623-a6e1-b538f8fe4340-1669089354886d3d5a-4"],"settings":{"top_heading":"","top_subheading":"","heading_center":true,"tophead_mb":30,"tophead_mb_tb":30,"tophead_mb_mb":25,"img_effect":"bounceIn","b_effect":"none","open_link":"_blank","layout_des":"2","click_image":"data-goto","nav_thumbs":true,"enable_border":false,"col_dk":"5","col_tb":"3","col_mb":"2","space_item":"30","space_item_tb":"20","space_item_mb":"10","loop":true,"au_time":0,"au_hover":true,"show_btn":"show_mobile","btn_vi":"always","btn_pos":"between","icon_slider":"1","btn_owl":"outline","btn_shape":"round","btn_cl":"dark","btn_size":"small","btn_distance":90,"show_dots":"hidden","dots_align":"center","dot_owl":"default","dots_cl":"dark","dots_space":10,"dots_round":true,"layout":"bee-se-container","custom_width":1000,"cl_bg":"","cl_bg_gradient":"","mg":",,10px,","pd":"88px,,80px,","mg_tb":",,10px,","pd_tb":"30px,,30px,","mg_mb":",,10px,","pd_mb":"30px,,30px,"}}},"order":["heading","main","5305fbdd-71d8-419a-b929-9eff72f9d42d","55cb275c-d1be-44da-9fdd-7b276c22c258","55cb275c-d1be-44da-9fdd-7b276c22c259","b962278f-059c-48e7-93a8-6ed4ef5e7309","e71c40e8-c46b-4623-a6e1-b538f8fe4340"]}