{"sections":{"heading":{"type":"heading-static","settings":{"parallax":false,"bg_overlay":"#000000","bg_opacity":0,"padding_top":75,"padding_bottom":75,"padding_top_tb":50,"padding_bottom_tb":50,"padding_top_mb":50,"padding_bottom_mb":50,"box_border":"top_bottom","bg_repeat":"no-repeat","bg_size":"cover","mgb":50,"mgb_tb":50,"mgb_mb":50}},"main":{"type":"main-page","disabled":true,"settings":{"layout":"bee-container-wrap","cl_bg":"","cl_bg_gradient":"","mg":"60px,,60px,","pd":"","mg_tb":",,50px,","pd_tb":"","mg_mb":",,30px,","pd_mb":""}},"161bbea8-3f3e-4152-a068-7debe0757acd":{"type":"custom-section","blocks":{"template--16624990912760__161bbea8-3f3e-4152-a068-7debe0757acd-166899355827600b14-0":{"type":"bl_col","settings":{"col_dk":"12","col_tb":"12","col_mb":"12","align_vertical":false,"border_col":false,"content_align":"center","content_align_tablet":"center","content_align_mobile":"center","padding_inner":"30px,,30px","padding_inner_tb":"30px,,30px","padding_inner_mb":"30px,,30px","bg_cl":"#ffffff","time_animation":1,"animation_delay":40}},"template--16624990912760__161bbea8-3f3e-4152-a068-7debe0757acd-166899355827600b14-1":{"type":"custom_text","settings":{"text":"Frequently Asked Questions","remove_br_tag":false,"tag":"p","fontf":"1","text_cl":"#151515","text_fs":36,"text_lh":45,"text_fw":500,"text_ls":0,"font_italic":false,"text_shadow":false,"mgb":0,"text_fs_tb":36,"text_lh_tb":45,"text_ls_tb":0,"mgb_tb":0,"hidden_mobile":false,"text_fs_mb":36,"text_lh_mb":45,"text_ls_mb":0,"mgb_mb":0,"animation":"none"}},"805c6834-8e86-4059-8a65-fa4de9dfd856":{"type":"bl_col","settings":{"col_dk":"12","col_tb":"12","col_mb":"12","align_vertical":false,"border_col":false,"content_align":"start","content_align_tablet":"start","content_align_mobile":"start","padding_inner":"","padding_inner_tb":"0,0,30px,0","padding_inner_mb":"0,0,20px,0","bg_cl":"#ffffff","time_animation":1,"animation_delay":40}},"b1ef65ce-2469-4035-9f21-c39e2a3e5627":{"type":"html","settings":{"html_content":"<div style=\" display: flex;     justify-content: flex-start; align-items: center;\">\n<span style=\"color: #b8b8b8; font-size: 36px; font-weight: 700; border-right: 1px solid #b8b8b8; width: 56px; line-height: 1; padding-right: 20px \">01<\/span>\n<span style=\"color: #151515; font-size: 18px; font-weight: 700; text-transform: uppercase; margin-left: 15px;\">Shopping Information<\/span> <\/div>","hidden_mobile":false}},"6e43339f-9e3c-408b-af26-0c2e02cbea05":{"type":"bl_col","settings":{"col_dk":"6","col_tb":"6","col_mb":"12","align_vertical":false,"border_col":false,"content_align":"start","content_align_tablet":"start","content_align_mobile":"start","padding_inner":"0, 20px, 0, 0","padding_inner_tb":"0, 10px, 0, 0","padding_inner_mb":"0, 0, 0, 0","bg_cl":"#ffffff","time_animation":1,"animation_delay":40}},"405d0a9a-13e9-4bd6-b472-38b829674f9f":{"type":"custom_text","settings":{"text":"Why won't my payment go through?","remove_br_tag":false,"tag":"p","fontf":"1","text_cl":"#151515","text_fs":15,"text_lh":0,"text_fw":700,"text_ls":0,"font_italic":false,"text_shadow":false,"mgb":25,"text_fs_tb":15,"text_lh_tb":0,"text_ls_tb":0,"mgb_tb":25,"hidden_mobile":false,"text_fs_mb":14,"text_lh_mb":0,"text_ls_mb":0,"mgb_mb":20,"animation":"none"}},"aae68a52-fd0e-4108-8f3b-24a55e778023":{"type":"custom_text","settings":{"text":"Ex Portland Pitchfork irure mustache. Neutra fap before they sold out literally Williamsburg. Aliquip ugh bicycle rights actually mlkshk, seitan squid craft beer tempor. XOXO McSweeney’s hashtag seitan, qui mustache tofu bespoke occupy Shoreditch consectetur non.","remove_br_tag":false,"tag":"p","fontf":"inherit","text_cl":"#454545","text_fs":15,"text_lh":24,"text_fw":400,"text_ls":0,"font_italic":false,"text_shadow":false,"mgb":50,"text_fs_tb":15,"text_lh_tb":24,"text_ls_tb":0,"mgb_tb":40,"hidden_mobile":false,"text_fs_mb":14,"text_lh_mb":22,"text_ls_mb":0,"mgb_mb":30,"animation":"none"}},"405d0a9a-13e9-4bd6-b472-38b829674f9a":{"type":"custom_text","settings":{"text":"How Long Will It Take To Get My Package?","remove_br_tag":false,"tag":"p","fontf":"1","text_cl":"#151515","text_fs":15,"text_lh":0,"text_fw":700,"text_ls":0,"font_italic":false,"text_shadow":false,"mgb":25,"text_fs_tb":15,"text_lh_tb":0,"text_ls_tb":0,"mgb_tb":25,"hidden_mobile":false,"text_fs_mb":14,"text_lh_mb":0,"text_ls_mb":0,"mgb_mb":20,"animation":"none"}},"aae68a52-fd0e-4108-8f3b-24a55e77802b":{"type":"custom_text","settings":{"text":"Swag slow-carb quinoa VHS typewriter pork belly brunch, paleo single-origin coffee Wes Anderson. Flexitarian Pitchfork forage, literally paleo fap pour-over. Wes Anderson Pinterest YOLO fanny pack meggings, deep v XOXO chambray sustainable slow-carb raw denim church-key fap chillwave Etsy. +1 typewriter kitsch, American Apparel tofu Banksy Vice.","remove_br_tag":false,"tag":"p","fontf":"inherit","text_cl":"#454545","text_fs":15,"text_lh":24,"text_fw":400,"text_ls":0,"font_italic":false,"text_shadow":false,"mgb":0,"text_fs_tb":15,"text_lh_tb":24,"text_ls_tb":0,"mgb_tb":0,"hidden_mobile":false,"text_fs_mb":14,"text_lh_mb":22,"text_ls_mb":0,"mgb_mb":0,"animation":"none"}},"6e43339f-9e3c-408b-af26-0c2e02cbea010":{"type":"bl_col","settings":{"col_dk":"6","col_tb":"6","col_mb":"12","align_vertical":false,"border_col":false,"content_align":"start","content_align_tablet":"start","content_align_mobile":"start","padding_inner":"0 , 0  , 0, 20px","padding_inner_tb":"0 , 0  , 0, 10px","padding_inner_mb":"0 , 0 , 0 , 0","bg_cl":"#ffffff","time_animation":1,"animation_delay":40}},"405d0a9a-13e9-4bd6-b472-38b829674f911":{"type":"custom_text","settings":{"text":"Do You Ship Internationally?","remove_br_tag":false,"tag":"p","fontf":"1","text_cl":"#151515","text_fs":15,"text_lh":0,"text_fw":700,"text_ls":0,"font_italic":false,"text_shadow":false,"mgb":25,"text_fs_tb":15,"text_lh_tb":0,"text_ls_tb":0,"mgb_tb":25,"hidden_mobile":false,"text_fs_mb":14,"text_lh_mb":0,"text_ls_mb":0,"mgb_mb":20,"animation":"none"}},"aae68a52-fd0e-4108-8f3b-24a55e7780212":{"type":"custom_text","settings":{"text":"Hoodie tote bag mixtape tofu. Typewriter jean shorts wolf quinoa, messenger bag organic freegan cray. Paleo Tumblr Wes Anderson photo booth. Kale chips Truffaut Williamsburg, hashtag fixie Pinterest raw denim chambray drinking vinegar Carles street art Bushwick gastropub. Wolf Tumblr paleo church-key. Plaid food truck Echo Park YOLO bitters hella, direct trade Thundercats leggings quinoa before they sold out.","remove_br_tag":false,"tag":"p","fontf":"inherit","text_cl":"#454545","text_fs":15,"text_lh":24,"text_fw":400,"text_ls":0,"font_italic":false,"text_shadow":false,"mgb":50,"text_fs_tb":15,"text_lh_tb":24,"text_ls_tb":0,"mgb_tb":40,"hidden_mobile":false,"text_fs_mb":14,"text_lh_mb":22,"text_ls_mb":0,"mgb_mb":30,"animation":"none"}},"405d0a9a-13e9-4bd6-b472-38b829674f913":{"type":"custom_text","settings":{"text":"What Shipping Methods Are Available?","remove_br_tag":false,"tag":"p","fontf":"1","text_cl":"#151515","text_fs":15,"text_lh":0,"text_fw":700,"text_ls":0,"font_italic":false,"text_shadow":false,"mgb":25,"text_fs_tb":15,"text_lh_tb":0,"text_ls_tb":0,"mgb_tb":25,"hidden_mobile":false,"text_fs_mb":14,"text_lh_mb":0,"text_ls_mb":0,"mgb_mb":20,"animation":"none"}},"aae68a52-fd0e-4108-8f3b-24a55e7780214":{"type":"custom_text","settings":{"text":"Neutra fap before they sold out literally Williamsburg. Aliquip ugh bicycle rights actually mlkshk, seitan squid craft beer tempor. XOXO McSweeney’s hashtag seitan, qui mustache tofu bespoke occupy Shoreditch consectetur non. Ex Portland Pitchfork irure mustache.","remove_br_tag":false,"tag":"p","fontf":"inherit","text_cl":"#454545","text_fs":15,"text_lh":24,"text_fw":400,"text_ls":0,"font_italic":false,"text_shadow":false,"mgb":0,"text_fs_tb":15,"text_lh_tb":24,"text_ls_tb":0,"mgb_tb":0,"hidden_mobile":false,"text_fs_mb":14,"text_lh_mb":22,"text_ls_mb":0,"mgb_mb":0,"animation":"none"}}},"block_order":["template--16624990912760__161bbea8-3f3e-4152-a068-7debe0757acd-166899355827600b14-0","template--16624990912760__161bbea8-3f3e-4152-a068-7debe0757acd-166899355827600b14-1","805c6834-8e86-4059-8a65-fa4de9dfd856","b1ef65ce-2469-4035-9f21-c39e2a3e5627","6e43339f-9e3c-408b-af26-0c2e02cbea05","405d0a9a-13e9-4bd6-b472-38b829674f9f","aae68a52-fd0e-4108-8f3b-24a55e778023","405d0a9a-13e9-4bd6-b472-38b829674f9a","aae68a52-fd0e-4108-8f3b-24a55e77802b","6e43339f-9e3c-408b-af26-0c2e02cbea010","405d0a9a-13e9-4bd6-b472-38b829674f911","aae68a52-fd0e-4108-8f3b-24a55e7780212","405d0a9a-13e9-4bd6-b472-38b829674f913","aae68a52-fd0e-4108-8f3b-24a55e7780214"],"settings":{"space_h_item":"30","space_v_item":"30","space_h_item_tb":"10","space_v_item_tb":"10","space_h_item_mb":"10","space_v_item_mb":"10","layout":"bee-container-wrap","cl_bg":"","cl_bg_gradient":"","mg":"","pd":"","mg_tb":"","pd_tb":"","mg_mb":"","pd_mb":""}},"667e7cb2-530b-4886-b47e-78f8e55cb171":{"type":"custom-line","settings":{"line_style":"solid","line_width":100,"line_height":1,"line_cl":"#e5e5e5","line_pos":"bee-text-start","layout":"bee-container-wrap","mg":"80px,,80px,","mg_tb":"40px,,40px,","mg_mb":"40px,,40px,"}},"161bbea8-3f3e-4152-a068-7debe0757aca":{"type":"custom-section","blocks":{"805c6834-8e86-4059-8a65-fa4de9dfd856":{"type":"bl_col","settings":{"col_dk":"12","col_tb":"12","col_mb":"12","align_vertical":false,"border_col":false,"content_align":"start","content_align_tablet":"start","content_align_mobile":"start","padding_inner":"","padding_inner_tb":"0,0,30px,0","padding_inner_mb":"0,0,20px,0","bg_cl":"#ffffff","time_animation":1,"animation_delay":40}},"b1ef65ce-2469-4035-9f21-c39e2a3e5627":{"type":"html","settings":{"html_content":"<div style=\" display: flex;     justify-content: flex-start; align-items: center;\">\n<span style=\"color: #b8b8b8; font-size: 36px; font-weight: 700; border-right: 1px solid #b8b8b8; width: 56px; line-height: 1; padding-right: 20px \">02<\/span>\n<span style=\"color: #151515; font-size: 18px; font-weight: 700; text-transform: uppercase; margin-left: 15px;\">Payment Information\n<\/span> <\/div>","hidden_mobile":false}},"6e43339f-9e3c-408b-af26-0c2e02cbea05":{"type":"bl_col","settings":{"col_dk":"6","col_tb":"6","col_mb":"12","align_vertical":false,"border_col":false,"content_align":"start","content_align_tablet":"start","content_align_mobile":"start","padding_inner":"0, 20px, 0, 0","padding_inner_tb":"0, 10px, 0, 0","padding_inner_mb":"0, 0, 0, 0","bg_cl":"#ffffff","time_animation":1,"animation_delay":40}},"405d0a9a-13e9-4bd6-b472-38b829674f9f":{"type":"custom_text","settings":{"text":"What Payment Methods Are Accepted?","remove_br_tag":false,"tag":"p","fontf":"1","text_cl":"#151515","text_fs":15,"text_lh":0,"text_fw":700,"text_ls":0,"font_italic":false,"text_shadow":false,"mgb":25,"text_fs_tb":15,"text_lh_tb":0,"text_ls_tb":0,"mgb_tb":25,"hidden_mobile":false,"text_fs_mb":14,"text_lh_mb":0,"text_ls_mb":0,"mgb_mb":20,"animation":"none"}},"aae68a52-fd0e-4108-8f3b-24a55e778023":{"type":"custom_text","settings":{"text":"Fashion axe DIY jean shorts, swag kale chips meh polaroid kogi butcher Wes Anderson chambray next level semiotics gentrify yr. Voluptate photo booth fugiat Vice. Austin sed Williamsburg, ea labore raw denim voluptate cred proident mixtape excepteur mustache. Twee chia photo booth readymade food truck, hoodie roof party swag keytar PBR DIY.","remove_br_tag":false,"tag":"p","fontf":"inherit","text_cl":"#454545","text_fs":15,"text_lh":24,"text_fw":400,"text_ls":0,"font_italic":false,"text_shadow":false,"mgb":0,"text_fs_tb":15,"text_lh_tb":24,"text_ls_tb":0,"mgb_tb":0,"hidden_mobile":false,"text_fs_mb":14,"text_lh_mb":22,"text_ls_mb":0,"mgb_mb":0,"animation":"none"}},"6e43339f-9e3c-408b-af26-0c2e02cbea010":{"type":"bl_col","settings":{"col_dk":"6","col_tb":"6","col_mb":"12","align_vertical":false,"border_col":false,"content_align":"start","content_align_tablet":"start","content_align_mobile":"start","padding_inner":"0 , 0  , 0, 20px","padding_inner_tb":"0 , 0  , 0, 10px","padding_inner_mb":"0 , 0 , 0 , 0","bg_cl":"#ffffff","time_animation":1,"animation_delay":40}},"405d0a9a-13e9-4bd6-b472-38b829674f911":{"type":"custom_text","settings":{"text":"Is Buying On-Line Safe?","remove_br_tag":false,"tag":"p","fontf":"1","text_cl":"#151515","text_fs":15,"text_lh":0,"text_fw":700,"text_ls":0,"font_italic":false,"text_shadow":false,"mgb":25,"text_fs_tb":15,"text_lh_tb":0,"text_ls_tb":0,"mgb_tb":25,"hidden_mobile":false,"text_fs_mb":14,"text_lh_mb":0,"text_ls_mb":0,"mgb_mb":20,"animation":"none"}},"aae68a52-fd0e-4108-8f3b-24a55e7780212":{"type":"custom_text","settings":{"text":"Is Buying On-Line Safe?\nArt party authentic freegan semiotics jean shorts chia cred. Neutra Austin roof party Brooklyn, synth Thundercats swag 8-bit photo booth. Plaid letterpress leggings craft beer meh ethical Pinterest.","remove_br_tag":false,"tag":"p","fontf":"inherit","text_cl":"#454545","text_fs":15,"text_lh":24,"text_fw":400,"text_ls":0,"font_italic":false,"text_shadow":false,"mgb":0,"text_fs_tb":15,"text_lh_tb":24,"text_ls_tb":0,"mgb_tb":0,"hidden_mobile":false,"text_fs_mb":14,"text_lh_mb":22,"text_ls_mb":0,"mgb_mb":0,"animation":"none"}}},"block_order":["805c6834-8e86-4059-8a65-fa4de9dfd856","b1ef65ce-2469-4035-9f21-c39e2a3e5627","6e43339f-9e3c-408b-af26-0c2e02cbea05","405d0a9a-13e9-4bd6-b472-38b829674f9f","aae68a52-fd0e-4108-8f3b-24a55e778023","6e43339f-9e3c-408b-af26-0c2e02cbea010","405d0a9a-13e9-4bd6-b472-38b829674f911","aae68a52-fd0e-4108-8f3b-24a55e7780212"],"settings":{"space_h_item":"30","space_v_item":"30","space_h_item_tb":"10","space_v_item_tb":"10","space_h_item_mb":"10","space_v_item_mb":"10","layout":"bee-container-wrap","cl_bg":"","cl_bg_gradient":"","mg":"","pd":"","mg_tb":"","pd_tb":"","mg_mb":"","pd_mb":""}},"667e7cb2-530b-4886-b47e-78f8e55cb17b":{"type":"custom-line","settings":{"line_style":"solid","line_width":100,"line_height":1,"line_cl":"#e5e5e5","line_pos":"bee-text-start","layout":"bee-container-wrap","mg":"80px,,80px,","mg_tb":"40px,,40px,","mg_mb":"40px,,40px,"}},"161bbea8-3f3e-4152-a068-7debe0757acc":{"type":"custom-section","blocks":{"805c6834-8e86-4059-8a65-fa4de9dfd816":{"type":"bl_col","settings":{"col_dk":"12","col_tb":"12","col_mb":"12","align_vertical":false,"border_col":false,"content_align":"start","content_align_tablet":"start","content_align_mobile":"start","padding_inner":"","padding_inner_tb":"0,0,30px,0","padding_inner_mb":"0,0,20px,0","bg_cl":"#ffffff","time_animation":1,"animation_delay":40}},"b1ef65ce-2469-4035-9f21-c39e2a3e5627":{"type":"html","settings":{"html_content":"<div style=\" display: flex;     justify-content: flex-start; align-items: center;\">\n<span style=\"color: #b8b8b8; font-size: 36px; font-weight: 700; border-right: 1px solid #b8b8b8; width: 56px; line-height: 1; padding-right: 20px \">03<\/span>\n<span style=\"color: #151515; font-size: 18px; font-weight: 700; text-transform: uppercase; margin-left: 15px;\">Orders and Returns<\/span> <\/div>","hidden_mobile":false}},"6e43339f-9e3c-408b-af26-0c2e02cbea35":{"type":"bl_col","settings":{"col_dk":"6","col_tb":"6","col_mb":"12","align_vertical":false,"border_col":false,"content_align":"start","content_align_tablet":"start","content_align_mobile":"start","padding_inner":"0, 20px, 0, 0","padding_inner_tb":"0, 10px, 0, 0","padding_inner_mb":"0, 0, 0, 0","bg_cl":"#ffffff","time_animation":1,"animation_delay":40}},"405d0a9a-13e9-4bd6-b472-38b829674f4f":{"type":"custom_text","settings":{"text":"How do I place an Order?","remove_br_tag":false,"tag":"p","fontf":"1","text_cl":"#151515","text_fs":15,"text_lh":0,"text_fw":700,"text_ls":0,"font_italic":false,"text_shadow":false,"mgb":25,"text_fs_tb":15,"text_lh_tb":0,"text_ls_tb":0,"mgb_tb":25,"hidden_mobile":false,"text_fs_mb":14,"text_lh_mb":0,"text_ls_mb":0,"mgb_mb":20,"animation":"none"}},"aae68a52-fd0e-4108-8f3b-24a55e778053":{"type":"custom_text","settings":{"text":"Keytar cray slow-carb, Godard banh mi salvia pour-over. Slow-carb Odd Future seitan normcore. Master cleanse American Apparel gentrify flexitarian beard slow-carb next level. Raw denim polaroid paleo farm-to-table, put a bird on it lo-fi tattooed Wes Anderson Pinterest letterpress. Fingerstache McSweeney’s pour-over, letterpress Schlitz photo booth master cleanse bespoke hashtag chillwave gentrify.","remove_br_tag":false,"tag":"p","fontf":"inherit","text_cl":"#454545","text_fs":15,"text_lh":24,"text_fw":400,"text_ls":0,"font_italic":false,"text_shadow":false,"mgb":50,"text_fs_tb":15,"text_lh_tb":24,"text_ls_tb":0,"mgb_tb":40,"hidden_mobile":false,"text_fs_mb":14,"text_lh_mb":22,"text_ls_mb":0,"mgb_mb":30,"animation":"none"}},"405d0a9a-13e9-4bd6-b472-38b829674f4g":{"type":"custom_text","settings":{"text":"Do I need an account to place an order?","remove_br_tag":false,"tag":"p","fontf":"1","text_cl":"#151515","text_fs":15,"text_lh":0,"text_fw":700,"text_ls":0,"font_italic":false,"text_shadow":false,"mgb":25,"text_fs_tb":15,"text_lh_tb":0,"text_ls_tb":0,"mgb_tb":25,"hidden_mobile":false,"text_fs_mb":14,"text_lh_mb":0,"text_ls_mb":0,"mgb_mb":20,"animation":"none"}},"aae68a52-fd0e-4108-8f3b-24a55e778055":{"type":"custom_text","settings":{"text":"Thundercats swag 8-bit photo booth. Plaid letterpress leggings craft beer meh ethical Pinterest. Twee chia photo booth readymade food truck, hoodie roof party swag keytar PBR DIY. Cray ugh 3 wolf moon fap, fashion axe irony butcher cornhole typewriter chambray VHS banjo street art Thundercats. Gastropub selvage mlkshk swag, 8-bit 3 wolf moon.","remove_br_tag":false,"tag":"p","fontf":"inherit","text_cl":"#454545","text_fs":15,"text_lh":24,"text_fw":400,"text_ls":0,"font_italic":false,"text_shadow":false,"mgb":50,"text_fs_tb":15,"text_lh_tb":24,"text_ls_tb":0,"mgb_tb":40,"hidden_mobile":false,"text_fs_mb":14,"text_lh_mb":22,"text_ls_mb":0,"mgb_mb":30,"animation":"none"}},"405d0a9a-13e9-4bd6-b472-38b829674f6a":{"type":"custom_text","settings":{"text":"Who should I to contact if I have any queries?","remove_br_tag":false,"tag":"p","fontf":"1","text_cl":"#151515","text_fs":15,"text_lh":0,"text_fw":700,"text_ls":0,"font_italic":false,"text_shadow":false,"mgb":25,"text_fs_tb":15,"text_lh_tb":0,"text_ls_tb":0,"mgb_tb":25,"hidden_mobile":false,"text_fs_mb":14,"text_lh_mb":0,"text_ls_mb":0,"mgb_mb":20,"animation":"none"}},"aae68a52-fd0e-4108-8f3b-24a55e77807b":{"type":"custom_text","settings":{"text":"Fashion axe DIY jean shorts, swag kale chips meh polaroid kogi butcher Wes Anderson chambray next level semiotics gentrify yr. Voluptate photo booth fugiat Vice. Austin sed Williamsburg, ea labore raw denim voluptate cred proident mixtape excepteur mustache.","remove_br_tag":false,"tag":"p","fontf":"inherit","text_cl":"#454545","text_fs":15,"text_lh":24,"text_fw":400,"text_ls":0,"font_italic":false,"text_shadow":false,"mgb":0,"text_fs_tb":15,"text_lh_tb":24,"text_ls_tb":0,"mgb_tb":0,"hidden_mobile":false,"text_fs_mb":14,"text_lh_mb":22,"text_ls_mb":0,"mgb_mb":0,"animation":"none"}},"6e43339f-9e3c-408b-af26-0c2e02cbea810":{"type":"bl_col","settings":{"col_dk":"6","col_tb":"6","col_mb":"12","align_vertical":false,"border_col":false,"content_align":"start","content_align_tablet":"start","content_align_mobile":"start","padding_inner":"0 , 0  , 0, 20px","padding_inner_tb":"0 , 0  , 0, 10px","padding_inner_mb":"0 , 0 , 0 , 0","bg_cl":"#ffffff","time_animation":1,"animation_delay":40}},"405d0a9a-13e9-4bd6-b472-38b829674fd11":{"type":"custom_text","settings":{"text":"How Can I Cancel Or Change My Order?","remove_br_tag":false,"tag":"p","fontf":"1","text_cl":"#151515","text_fs":15,"text_lh":0,"text_fw":700,"text_ls":0,"font_italic":false,"text_shadow":false,"mgb":25,"text_fs_tb":15,"text_lh_tb":0,"text_ls_tb":0,"mgb_tb":25,"hidden_mobile":false,"text_fs_mb":14,"text_lh_mb":0,"text_ls_mb":0,"mgb_mb":20,"animation":"none"}},"aae68a52-fd0e-4108-8f3b-24a55e7780a12":{"type":"custom_text","settings":{"text":"Plaid letterpress leggings craft beer meh ethical Pinterest. Art party authentic freegan semiotics jean shorts chia cred. Neutra Austin roof party Brooklyn, synth Thundercats swag 8-bit photo booth.","remove_br_tag":false,"tag":"p","fontf":"inherit","text_cl":"#454545","text_fs":15,"text_lh":24,"text_fw":400,"text_ls":0,"font_italic":false,"text_shadow":false,"mgb":50,"text_fs_tb":15,"text_lh_tb":24,"text_ls_tb":0,"mgb_tb":40,"hidden_mobile":false,"text_fs_mb":14,"text_lh_mb":22,"text_ls_mb":0,"mgb_mb":30,"animation":"none"}},"405d0a9a-13e9-4bd6-b472-38b829674fdm":{"type":"custom_text","settings":{"text":"How Do I Track My Order?","remove_br_tag":false,"tag":"p","fontf":"1","text_cl":"#151515","text_fs":15,"text_lh":0,"text_fw":700,"text_ls":0,"font_italic":false,"text_shadow":false,"mgb":25,"text_fs_tb":15,"text_lh_tb":0,"text_ls_tb":0,"mgb_tb":25,"hidden_mobile":false,"text_fs_mb":14,"text_lh_mb":0,"text_ls_mb":0,"mgb_mb":20,"animation":"none"}},"aae68a52-fd0e-4108-8f3b-24a55e7780ae":{"type":"custom_text","settings":{"text":"Keytar cray slow-carb, Godard banh mi salvia pour-over. Slow-carb Odd Future seitan normcore. Master cleanse American Apparel gentrify flexitarian beard slow-carb next level. Raw denim polaroid paleo farm-to-table, put a bird on it lo-fi tattooed Wes Anderson Pinterest letterpress. Fingerstache McSweeney’s pour-over, letterpress Schlitz photo booth master cleanse bespoke hashtag chillwave gentrify. Pour-over Austin skateboard, street art irony roof party Shoreditch.","remove_br_tag":false,"tag":"p","fontf":"inherit","text_cl":"#454545","text_fs":15,"text_lh":24,"text_fw":400,"text_ls":0,"font_italic":false,"text_shadow":false,"mgb":50,"text_fs_tb":15,"text_lh_tb":24,"text_ls_tb":0,"mgb_tb":40,"hidden_mobile":false,"text_fs_mb":14,"text_lh_mb":22,"text_ls_mb":0,"mgb_mb":30,"animation":"none"}},"405d0a9a-13e9-4bd6-b472-38b829674fb13":{"type":"custom_text","settings":{"text":"How Can I Return a Product?","remove_br_tag":false,"tag":"p","fontf":"1","text_cl":"#151515","text_fs":15,"text_lh":0,"text_fw":700,"text_ls":0,"font_italic":false,"text_shadow":false,"mgb":25,"text_fs_tb":15,"text_lh_tb":0,"text_ls_tb":0,"mgb_tb":25,"hidden_mobile":false,"text_fs_mb":14,"text_lh_mb":0,"text_ls_mb":0,"mgb_mb":20,"animation":"none"}},"aae68a52-fd0e-4108-8f3b-24a55e7780c14":{"type":"custom_text","settings":{"text":"Kale chips Truffaut Williamsburg, hashtag fixie Pinterest raw denim chambray drinking vinegar Carles street art Bushwick gastropub. Wolf Tumblr paleo church-key. Plaid food truck Echo Park YOLO bitters hella, direct trade Thundercats leggings quinoa before they sold out. You probably haven’t heard of them wayfarers authentic umami drinking vinegar Pinterest Cosby sweater, fingerstache fap High Life.","remove_br_tag":false,"tag":"p","fontf":"inherit","text_cl":"#454545","text_fs":15,"text_lh":24,"text_fw":400,"text_ls":0,"font_italic":false,"text_shadow":false,"mgb":0,"text_fs_tb":15,"text_lh_tb":24,"text_ls_tb":0,"mgb_tb":0,"hidden_mobile":false,"text_fs_mb":14,"text_lh_mb":22,"text_ls_mb":0,"mgb_mb":0,"animation":"none"}}},"block_order":["805c6834-8e86-4059-8a65-fa4de9dfd816","b1ef65ce-2469-4035-9f21-c39e2a3e5627","6e43339f-9e3c-408b-af26-0c2e02cbea35","405d0a9a-13e9-4bd6-b472-38b829674f4f","aae68a52-fd0e-4108-8f3b-24a55e778053","405d0a9a-13e9-4bd6-b472-38b829674f4g","aae68a52-fd0e-4108-8f3b-24a55e778055","405d0a9a-13e9-4bd6-b472-38b829674f6a","aae68a52-fd0e-4108-8f3b-24a55e77807b","6e43339f-9e3c-408b-af26-0c2e02cbea810","405d0a9a-13e9-4bd6-b472-38b829674fd11","aae68a52-fd0e-4108-8f3b-24a55e7780a12","405d0a9a-13e9-4bd6-b472-38b829674fdm","aae68a52-fd0e-4108-8f3b-24a55e7780ae","405d0a9a-13e9-4bd6-b472-38b829674fb13","aae68a52-fd0e-4108-8f3b-24a55e7780c14"],"settings":{"space_h_item":"30","space_v_item":"30","space_h_item_tb":"10","space_v_item_tb":"10","space_h_item_mb":"10","space_v_item_mb":"10","layout":"bee-container-wrap","cl_bg":"","cl_bg_gradient":"","mg":"","pd":"0,0, 90px,0","mg_tb":"","pd_tb":"0,0, 70px,0","mg_mb":"","pd_mb":"0,0, 60px,0"}}},"order":["heading","main","161bbea8-3f3e-4152-a068-7debe0757acd","667e7cb2-530b-4886-b47e-78f8e55cb171","161bbea8-3f3e-4152-a068-7debe0757aca","667e7cb2-530b-4886-b47e-78f8e55cb17b","161bbea8-3f3e-4152-a068-7debe0757acc"]}