{"sections":{"heading":{"type":"heading-static","settings":{"parallax":false,"bg_overlay":"#000000","bg_opacity":0,"padding_top":75,"padding_bottom":75,"padding_top_tb":50,"padding_bottom_tb":50,"padding_top_mb":50,"padding_bottom_mb":50,"box_border":"top_bottom","bg_repeat":"no-repeat","bg_size":"cover","mgb":50,"mgb_tb":50,"mgb_mb":50}},"main":{"type":"main-page","disabled":true,"settings":{"layout":"bee-container-wrap","cl_bg":"","cl_bg_gradient":"","mg":"60px,,60px,","pd":"","mg_tb":",,50px,","pd_tb":"","mg_mb":",,30px,","pd_mb":""}},"b8cab3ab-78c8-4516-9cce-0c2f6aa52c35":{"type":"box-contact","blocks":{"template--16623418147064__b8cab3ab-78c8-4516-9cce-0c2f6aa52c35-166875793770a1a456-0":{"type":"box_contact","settings":{"heading_box_contact":"UBIQUITY MAGS","address_box_contact":"607 Degraw St., Brooklyn, NY 11217","phone_number_contact":"Tel: 718-875-5491","email_box_contact":"kazen@cobis.com"}},"template--16623418147064__b8cab3ab-78c8-4516-9cce-0c2f6aa52c35-166875793770a1a456-1":{"type":"box_contact","settings":{"heading_box_contact":"HENRIETTA STREET","address_box_contact":"25 Henrietta Street Covent Garden London","phone_number_contact":"Tel: 0207-836-4684","email_box_contact":"kazen@cobis.com"}},"template--16623418147064__b8cab3ab-78c8-4516-9cce-0c2f6aa52c35-166875793770a1a456-2":{"type":"box_contact","settings":{"heading_box_contact":"CHARLOTTE ROAD","address_box_contact":"47-49 Charlotte Road Shoreditch EC2A 3QT","phone_number_contact":"Tel: 0207-682-0503","email_box_contact":"kazen@cobis.com"}},"template--16623418147064__b8cab3ab-78c8-4516-9cce-0c2f6aa52c35-166875793770a1a456-3":{"type":"box_contact","settings":{"heading_box_contact":"ROCHSTRASSE","address_box_contact":"Rochstraße 18 10178 Berlin","phone_number_contact":"Tel: 49 30 24636950","email_box_contact":"kazen@cobis.com"}},"4d656bc7-4203-4679-b289-c9dd1e560163":{"type":"box_contact","settings":{"heading_box_contact":"UBIQUITY MAGS","address_box_contact":"607 Degraw St., Brooklyn, NY 11217","phone_number_contact":"Tel: 718-875-5491","email_box_contact":"kazen@cobis.com"}},"675337ef-1c03-4b4c-80f8-767f56668074":{"type":"box_contact","settings":{"heading_box_contact":"READING FRENZY","address_box_contact":"3628 N.Mississippi Ave., Portland, OR 97227","phone_number_contact":"Tel: 711-555-5897","email_box_contact":"kazen@cobis.com"}},"3110f73d-932f-48ed-8c31-38fc3b237bd0":{"type":"box_contact","settings":{"heading_box_contact":"ROCHSTRABE","address_box_contact":"Rochstraße 18 10178 Berlin","phone_number_contact":"Tel: 49 30 24636950","email_box_contact":"kazen@cobis.com"}},"1518fa3f-bbf0-4b17-b894-9a5982618f0d":{"type":"box_contact","settings":{"heading_box_contact":"SCHUSTERINSEL","address_box_contact":"Schusterinsel 5 Weil am Rhein","phone_number_contact":"Tel: 49 7621 9148105","email_box_contact":"kazen@zonex.com"}}},"block_order":["template--16623418147064__b8cab3ab-78c8-4516-9cce-0c2f6aa52c35-166875793770a1a456-0","template--16623418147064__b8cab3ab-78c8-4516-9cce-0c2f6aa52c35-166875793770a1a456-1","template--16623418147064__b8cab3ab-78c8-4516-9cce-0c2f6aa52c35-166875793770a1a456-2","template--16623418147064__b8cab3ab-78c8-4516-9cce-0c2f6aa52c35-166875793770a1a456-3","4d656bc7-4203-4679-b289-c9dd1e560163","675337ef-1c03-4b4c-80f8-767f56668074","3110f73d-932f-48ed-8c31-38fc3b237bd0","1518fa3f-bbf0-4b17-b894-9a5982618f0d"],"settings":{"heading_center":false,"top_heading":"Our Stores","top_subheading":"","tophead_mb":60,"tophead_mb_tb":40,"tophead_mb_mb":35,"col_dk":"3","col_tb":"2","col_mb":"1","cl_heading_contact":"#151515","heading_fs":13,"mb_heading_contact":"20","heading_fw":700,"cl_text_contact":"#454545","cl_icon_contact":"#aaaaaa","fs":13,"fw":500,"lh":13,"mb_box_contact":"15","space_h_item":"30","space_v_item":"30","space_h_item_mb":"15","space_v_item_mb":"15","carousel_mobile":true,"dots_cl":"dark","dots_round":true,"layout":"bee-container-wrap","cl_bg":"","cl_bg_gradient":"","mg":"50px,,50px,","pd":"","mg_tb":",,50px,","pd_tb":"","mg_mb":",,30px,","pd_mb":""}}},"order":["heading","main","b8cab3ab-78c8-4516-9cce-0c2f6aa52c35"]}