{"sections":{"heading":{"type":"heading-static","blocks":{"f12aa049-7c61-4a24-a2f6-ccbf4a2b8c98":{"type":"1","settings":{"tag":"p","fontf":"inherit","text_cl":"#000","text_fs":40,"text_lh":0,"text_fw":400,"text_ls":0,"mgb":15,"font_italic":false,"font_uppercase":false,"text_shadow":false,"text_fs_tb":30,"text_lh_tb":0,"text_ls_tb":0,"mgb_tb":10,"hidden_mobile":false,"text_fs_mb":30,"text_lh_mb":0,"text_ls_mb":0,"mgb_mb":10}}},"block_order":["f12aa049-7c61-4a24-a2f6-ccbf4a2b8c98"],"settings":{"parallax":false,"bg_overlay":"#f5f5f5","bg_opacity":0,"padding_top":75,"padding_bottom":75,"padding_top_tb":50,"padding_bottom_tb":50,"padding_top_mb":50,"padding_bottom_mb":50,"box_border":"top_bottom","bg_repeat":"no-repeat","bg_size":"cover","mgb":50,"mgb_tb":50,"mgb_mb":50}},"main":{"type":"main-store-locator","blocks":{"2ce63f38-0ba2-4853-852b-537b0fe2eb33":{"type":"store","settings":{"heading":"1471 P St NW","latitude":"38.909882","longitude":"-77.034149","content":"<p>Washington' DC <br\/>(202) 234-7336<br\/>at 15th St NW<\/p>"}},"ebe283f8-17e8-4ea4-a66c-edb505cbef27":{"type":"store","settings":{"heading":"2221 I St NW","latitude":"38.900772","longitude":"-77.049766","content":"<p>Washington'\" DC<br\/>(202) 507-8357 <br\/>at 22nd St NW<\/p>"}},"ecd43add-2a22-46d3-884d-97e0962d9461":{"type":"store","settings":{"heading":"Ha Noi","latitude":"21.027763","longitude":"105.834160","content":"<p>Viet Nam<br\/>012345678<\/p>"}}},"block_order":["2ce63f38-0ba2-4853-852b-537b0fe2eb33","ebe283f8-17e8-4ea4-a66c-edb505cbef27","ecd43add-2a22-46d3-884d-97e0962d9461"],"settings":{"layout":"bee-container-wrap","enable_searchbox":true,"style_map":"streets","mg":"60px,,60px,","pd":"","mg_tb":",,50px,","pd_tb":"","mg_mb":",,30px,","pd_mb":""}}},"order":["heading","main"]}