{"sections":{"heading":{"type":"heading-static","disabled":true,"settings":{"parallax":false,"bg_overlay":"#000000","bg_opacity":0,"padding_top":75,"padding_bottom":75,"padding_top_tb":50,"padding_bottom_tb":50,"padding_top_mb":50,"padding_bottom_mb":50,"box_border":"top_bottom","bg_repeat":"no-repeat","bg_size":"cover","mgb":50,"mgb_tb":50,"mgb_mb":50}},"main":{"type":"main-page","disabled":true,"settings":{"layout":"bee-container-wrap","cl_bg":"","cl_bg_gradient":"","mg":"60px,,60px,","pd":"","mg_tb":",,50px,","pd_tb":"","mg_mb":",,30px,","pd_mb":""}},"2cc20b0f-2ecb-4c57-b328-ab0aca9c7a66":{"type":"our_team","blocks":{"template--16613860737272__2cc20b0f-2ecb-4c57-b328-ab0aca9c7a66-1669090371d3d39d13-0":{"type":"member","settings":{"image":"shopify:\/\/shop_images\/Layer_635_664661ec-e90a-4489-81e9-67021dde4d5d.png","name":"Brock Bundy","position":"CUSTOMER REPRESENTATIVE","descriptions":"Brock Bundy joined One Constructon in 1955 as an\nestimator\/project manager","social_twitter_link":"https: \/\/twitter.com\/shopify","social_facebook_link":"https: \/\/facebook.com\/shopify","social_instagram_link":"https: \/\/instagram.com\/shopify","social_linkedin_link":"","social_dribbble_link":"","social_behance_link":"","social_tiktok_link":""}},"template--16613860737272__2cc20b0f-2ecb-4c57-b328-ab0aca9c7a66-1669090371d3d39d13-1":{"type":"member","settings":{"image":"shopify:\/\/shop_images\/Layer_628_457bd2fa-814f-43c0-a53d-a669d3e7ffc3.png","name":"Markus Oscar","position":"Developer","descriptions":"Markus Oscar joined One Constructon in 1955 as an\nestimator\/project manager.","social_twitter_link":"https: \/\/twitter.com\/shopify","social_facebook_link":"https: \/\/facebook.com\/shopify","social_instagram_link":"https: \/\/instagram.com\/shopify","social_linkedin_link":"","social_dribbble_link":"","social_behance_link":"","social_tiktok_link":""}},"template--16613860737272__2cc20b0f-2ecb-4c57-b328-ab0aca9c7a66-1669090371d3d39d13-2":{"type":"member","settings":{"image":"shopify:\/\/shop_images\/Layer_633_d7e05649-78ad-481a-914d-a83cc8b6c8e2.png","name":"Alan Osborne","position":"DESIGNER","descriptions":"Alan Osborne joined One Constructon in 1955 as an project\nmanager, after previously working months as a laborer.","social_twitter_link":"https: \/\/twitter.com\/shopify","social_facebook_link":"https: \/\/facebook.com\/shopify","social_instagram_link":"https: \/\/instagram.com\/shopify","social_linkedin_link":"","social_dribbble_link":"","social_behance_link":"","social_tiktok_link":""}},"31e47086-b0df-443f-8a6e-f67f19946502":{"type":"member","settings":{"image":"shopify:\/\/shop_images\/Layer_636.png","name":"Paul Jefferson","position":"PHOTOGRAPHER","descriptions":"Paul Jefferson joined One Constructon in 1955 as an\nestimator\/project manager","social_twitter_link":"https: \/\/twitter.com\/shopify","social_facebook_link":"https: \/\/facebook.com\/shopify","social_instagram_link":"https: \/\/instagram.com\/shopify","social_linkedin_link":"","social_dribbble_link":"","social_behance_link":"","social_tiktok_link":""}},"6e35267d-db5a-41ab-b3dc-461f7f5aab93":{"type":"member","settings":{"image":"shopify:\/\/shop_images\/Layer_638.png","name":"Helen Reeves","position":"ASSISTANT","descriptions":"Helen Reeves joined One Constructon in 1955 as an\nestimator\/project manager.","social_twitter_link":"https: \/\/twitter.com\/shopify","social_facebook_link":"https: \/\/facebook.com\/shopify","social_instagram_link":"https: \/\/instagram.com\/shopify","social_linkedin_link":"","social_dribbble_link":"","social_behance_link":"","social_tiktok_link":""}},"dc4536b9-e420-462a-9a8f-9c7a486275ae":{"type":"member","settings":{"image":"shopify:\/\/shop_images\/Layer_640.png","name":"Melio Gride","position":"MANAGER","descriptions":"Melio Gride joined One Constructon in 1955 as an\nestimator\/project manager","social_twitter_link":"https: \/\/twitter.com\/shopify","social_facebook_link":"https: \/\/facebook.com\/shopify","social_instagram_link":"https: \/\/instagram.com\/shopify","social_linkedin_link":"","social_dribbble_link":"","social_behance_link":"","social_tiktok_link":""}}},"block_order":["template--16613860737272__2cc20b0f-2ecb-4c57-b328-ab0aca9c7a66-1669090371d3d39d13-0","template--16613860737272__2cc20b0f-2ecb-4c57-b328-ab0aca9c7a66-1669090371d3d39d13-1","template--16613860737272__2cc20b0f-2ecb-4c57-b328-ab0aca9c7a66-1669090371d3d39d13-2","31e47086-b0df-443f-8a6e-f67f19946502","6e35267d-db5a-41ab-b3dc-461f7f5aab93","dc4536b9-e420-462a-9a8f-9c7a486275ae"],"settings":{"top_heading":"We are a big team obsessed with productivity","top_subheading":"","heading_center":true,"tophead_mb":100,"tophead_mb_tb":30,"tophead_mb_mb":25,"image_ratio":"ratioadapt","layout_des":"1","col_dk":"3","col_tb":"2","col_mb":"2","space_item":"30","space_item_tb":"60","space_item_mb":"30","loop":true,"au_time":0,"au_hover":true,"show_btn":"show_all","icon_slider":"1","btn_vi":"always","btn_pos":"between","btn_shape":"round","btn_cl":"dark","btn_size":"small","btn_distance":90,"show_dots":"hidden","dots_align":"center","dot_owl":"br-outline","dots_cl":"dark","dots_space":10,"dots_round":false,"layout":"bee-se-container","cl_bg":"","cl_bg_gradient":"","mg":"","pd":"90px,,120px,","mg_tb":"","pd_tb":"40px,,40px,","mg_mb":"","pd_mb":"40px,,40px,"}}},"order":["heading","main","2cc20b0f-2ecb-4c57-b328-ab0aca9c7a66"]}