{"sections":{"heading":{"type":"heading-static","settings":{"parallax":false,"bg_overlay":"#000000","bg_opacity":0,"padding_top":75,"padding_bottom":75,"padding_top_tb":50,"padding_bottom_tb":50,"padding_top_mb":50,"padding_bottom_mb":50,"box_border":"top_bottom","bg_repeat":"no-repeat","bg_size":"cover","mgb":50,"mgb_tb":50,"mgb_mb":50}},"main":{"type":"main-page","disabled":true,"settings":{"layout":"bee-container-wrap","cl_bg":"","cl_bg_gradient":"","mg":"60px,,60px,","pd":"","mg_tb":",,50px,","pd_tb":"","mg_mb":",,30px,","pd_mb":""}},"7d924734-f35a-4a76-b009-a14b6f075008":{"type":"custom-section","blocks":{"template--16623394193656__7d924734-f35a-4a76-b009-a14b6f075008-1668761978aee90dc7-0":{"type":"bl_col","settings":{"col_dk":"6","col_tb":"6","col_mb":"12","align_vertical":false,"border_col":false,"content_align":"start","content_align_tablet":"center","content_align_mobile":"center","padding_inner":"30px,,30px","padding_inner_tb":"15px,,15px,","padding_inner_mb":"15px,,15px,","bg_cl":"rgba(0,0,0,0)","time_animation":1,"animation_delay":40}},"template--16623394193656__7d924734-f35a-4a76-b009-a14b6f075008-1668761978aee90dc7-1":{"type":"custom_text","settings":{"text":"About Our Online Store","remove_br_tag":false,"tag":"h3","fontf":"inherit","text_cl":"#151515","text_fs":36,"text_lh":0,"text_fw":500,"text_ls":0,"font_italic":false,"text_shadow":false,"mgb":15,"text_fs_tb":36,"text_lh_tb":0,"text_ls_tb":0,"mgb_tb":10,"hidden_mobile":false,"text_fs_mb":24,"text_lh_mb":0,"text_ls_mb":0,"mgb_mb":10,"animation":"none"}},"template--16623394193656__7d924734-f35a-4a76-b009-a14b6f075008-1668761978aee90dc7-2":{"type":"custom_text","settings":{"text":"Cobis Best Ecommerce Theme 2022\/2023","remove_br_tag":false,"tag":"h4","fontf":"inherit","text_cl":"#858585","text_fs":13,"text_lh":0,"text_fw":400,"text_ls":0,"font_italic":false,"text_shadow":false,"mgb":45,"text_fs_tb":13,"text_lh_tb":0,"text_ls_tb":0,"mgb_tb":26,"hidden_mobile":false,"text_fs_mb":13,"text_lh_mb":0,"text_ls_mb":0,"mgb_mb":30,"animation":"none"}},"ad5ff6c0-5f64-438a-8cf3-db859d61b710":{"type":"custom_text","settings":{"text":"One morning, when Gregor Samsa woke from froubled dreams, he found himselt\ntransformed in his bed into a horrible vermin. He lay on his armour-like back, and if he\nlifted his head a little he could see his brown belly, slightly domed and divided by arches\ninto stif.","remove_br_tag":false,"tag":"p","fontf":"inherit","text_cl":"#151515","text_fs":16,"text_lh":0,"text_fw":400,"text_ls":0,"font_italic":false,"text_shadow":false,"mgb":31,"text_fs_tb":16,"text_lh_tb":0,"text_ls_tb":0,"mgb_tb":20,"hidden_mobile":false,"text_fs_mb":16,"text_lh_mb":0,"text_ls_mb":0,"mgb_mb":20,"animation":"none"}},"c967de1c-dab7-443e-a210-c7721b1514a6":{"type":"custom_text","settings":{"text":"Dictumst per ante cras suscipit nascetur ullamcorper in nullam fermentum condimentum\ntorquent iaculis reden posuere potenti viverra condimentum dictumst id tellus suspendisse\nconvallis condimentum.His room, a proper human room although a litle too small, lay\npeacetully between its four familiar walls. A collection of textile samples lay spread out on\nthe table- Samsa was a travelling salesman.","remove_br_tag":true,"tag":"p","fontf":"inherit","text_cl":"#151515","text_fs":16,"text_lh":0,"text_fw":400,"text_ls":0,"font_italic":false,"text_shadow":false,"mgb":35,"text_fs_tb":16,"text_lh_tb":0,"text_ls_tb":0,"mgb_tb":20,"hidden_mobile":false,"text_fs_mb":16,"text_lh_mb":0,"text_ls_mb":0,"mgb_mb":20,"animation":"none"}},"d164b41c-2dea-4739-bd1c-a9f33d2961ea":{"type":"custom_text","settings":{"text":"The bedding was hardly able to cover if and seemed ready to slide oft any moment. His\nmany legs, pitifully thin compared with the size of the rest of him, waved about helplessly\nas he looked. \"What's happened to me?\" he thought. Ii wasn't a dream.","remove_br_tag":false,"tag":"p","fontf":"inherit","text_cl":"#151515","text_fs":16,"text_lh":0,"text_fw":400,"text_ls":0,"font_italic":false,"text_shadow":false,"mgb":35,"text_fs_tb":16,"text_lh_tb":0,"text_ls_tb":0,"mgb_tb":20,"hidden_mobile":false,"text_fs_mb":16,"text_lh_mb":0,"text_ls_mb":0,"mgb_mb":20,"animation":"none"}},"1202ffec-ff6f-4f3e-9f24-97fc8820c8fb":{"type":"image","settings":{"image_child":"shopify:\/\/shop_images\/Ellipse_4.png","img_link":"","open_link":"_self","img_width":0,"img_width_tb":0,"img_width_mb":0,"img_align":"start","img_align_tb":"center","img_align_mobile":"center","img_effect":"none","b_effect":"none","icon_link":false,"pos_t":30,"pos_l":70,"hidden_mobile":false,"mgb":20,"mgb_tb":20,"mgb_mb":20,"animation":"none"}},"template--16623394193656__7d924734-f35a-4a76-b009-a14b6f075008-1668761978aee90dc7-3":{"type":"bl_col","settings":{"col_dk":"6","col_tb":"6","col_mb":"12","align_vertical":true,"border_col":false,"content_align":"center","content_align_tablet":"center","content_align_mobile":"center","padding_inner":"30px,,30px","padding_inner_tb":"15px,,15px,","padding_inner_mb":"15px,,15px,","bg_cl":"rgba(0,0,0,0)","time_animation":1,"animation_delay":40}},"7ecd7612-c67d-40d5-b84b-d5c91f8e95e9":{"type":"image","settings":{"image_child":"shopify:\/\/shop_images\/Layer_643.png","img_link":"","open_link":"_self","img_width":573,"img_width_tb":0,"img_width_mb":0,"img_align":"center","img_align_tb":"center","img_align_mobile":"center","img_effect":"none","b_effect":"none","icon_link":false,"pos_t":30,"pos_l":70,"hidden_mobile":false,"mgb":20,"mgb_tb":20,"mgb_mb":20,"animation":"none"}}},"block_order":["template--16623394193656__7d924734-f35a-4a76-b009-a14b6f075008-1668761978aee90dc7-0","template--16623394193656__7d924734-f35a-4a76-b009-a14b6f075008-1668761978aee90dc7-1","template--16623394193656__7d924734-f35a-4a76-b009-a14b6f075008-1668761978aee90dc7-2","ad5ff6c0-5f64-438a-8cf3-db859d61b710","c967de1c-dab7-443e-a210-c7721b1514a6","d164b41c-2dea-4739-bd1c-a9f33d2961ea","1202ffec-ff6f-4f3e-9f24-97fc8820c8fb","template--16623394193656__7d924734-f35a-4a76-b009-a14b6f075008-1668761978aee90dc7-3","7ecd7612-c67d-40d5-b84b-d5c91f8e95e9"],"settings":{"space_h_item":"30","space_v_item":"30","space_h_item_tb":"10","space_v_item_tb":"10","space_h_item_mb":"10","space_v_item_mb":"10","layout":"bee-container-wrap","cl_bg":"#f8f8f8","cl_bg_gradient":"","mg":",,50px,","pd":"130px,,,","mg_tb":",,50px,","pd_tb":"80px,,,","mg_mb":",,30px,","pd_mb":"30px,,,"}},"ce9aaeaf-6903-41df-baf0-264e1fd6f782":{"type":"custom-section","blocks":{"template--16623394193656__ce9aaeaf-6903-41df-baf0-264e1fd6f782-1668992304c47856df-0":{"type":"bl_col","settings":{"col_dk":"4","col_tb":"6","col_mb":"12","align_vertical":true,"border_col":false,"content_align":"center","content_align_tablet":"center","content_align_mobile":"center","padding_inner":"30px,,30px","padding_inner_tb":"100px,,100px,","padding_inner_mb":"100px,,100px,","bg_image":"shopify:\/\/shop_images\/Shape_4.png","bg_cl":"rgba(0,0,0,0)","time_animation":1,"animation_delay":40}},"template--16623394193656__ce9aaeaf-6903-41df-baf0-264e1fd6f782-1668992304c47856df-1":{"type":"custom_text","settings":{"text":"What's We Work","remove_br_tag":false,"tag":"h3","fontf":"inherit","text_cl":"#000000","text_fs":36,"text_lh":0,"text_fw":500,"text_ls":0,"font_italic":false,"text_shadow":false,"mgb":-2,"text_fs_tb":36,"text_lh_tb":0,"text_ls_tb":0,"mgb_tb":0,"hidden_mobile":false,"text_fs_mb":36,"text_lh_mb":0,"text_ls_mb":0,"mgb_mb":0,"animation":"none"}},"template--16623394193656__ce9aaeaf-6903-41df-baf0-264e1fd6f782-1668992304c47856df-3":{"type":"bl_col","settings":{"col_dk":"4","col_tb":"6","col_mb":"12","align_vertical":false,"border_col":false,"content_align":"center","content_align_tablet":"center","content_align_mobile":"center","padding_inner":"30px,50px,30px","padding_inner_tb":"15px,15px,15px,","padding_inner_mb":"15px,15px,15px,","bg_cl":"rgba(0,0,0,0)","time_animation":1,"animation_delay":40}},"c1743a57-f96c-40a2-bb86-009d97248b75":{"type":"html","settings":{"html_content":"<div class=\"bee-d-flex\" style=\"text-align:left;margin-bottom:50px\">\n<img src=\"https:\/\/cdn.shopify.com\/s\/files\/1\/0665\/6039\/3464\/files\/idea.png?v=1668994300\" style=\"width:64px;height:64px;margin:0 15px\"><div>\n<h3 style=\"font-size:20px;font-weight:500;color:#000\">Create Unique<\/h3>\n<p style=\"font-size:16px;font-weight:400;color:#000\">Donec libero dolor, tincidunt id laoreet vitae,\nullamcorper eu tortor. Maecenas\npellentesque, dui vitae iaculis mattis<\/p>\n<\/div>\n<\/div>","hidden_mobile":false}},"4945852a-1e08-4bfc-b281-554181ccdf15":{"type":"html","settings":{"html_content":"<div class=\"bee-d-flex\" style=\"text-align:left;margin-bottom:50px\">\n<img src=\"https:\/\/cdn.shopify.com\/s\/files\/1\/0665\/6039\/3464\/files\/Rectangle_979.png?v=1668994301\" style=\"widht:64px;height:64px;margin:0 15px\"><div>\n<h3 style=\"font-size:20px;font-weight:500;color:#000\">Awards Won<\/h3>\n<p style=\"font-size:16px;font-weight:400;color:#000\">Nemo enim ipsam voluptatem quia voluptas\nsit aspernatur aut odit aut fugit, sed quia\nconsequuntur magni dolores eos qui ratione<\/p>\n<\/div>\n<\/div>","hidden_mobile":false}},"aa1e1654-ed5c-438b-ace5-06e0554366b1":{"type":"html","settings":{"html_content":"<div class=\"bee-d-flex\" style=\"text-align:left;\">\n<img src=\"https:\/\/cdn.shopify.com\/s\/files\/1\/0665\/6039\/3464\/files\/Rectangle_9799.png?v=1668994301\" style=\"widht:64px;height:64px;margin:0 15px\"><div>\n<h3 style=\"font-size:20px;font-weight:500;color:#000\">Flexibility And Patience<\/h3>\n<p style=\"font-size:16px;font-weight:400;color:#000\">Suspendisse pulvinar, augue ac venenatis\ncondimentum, sem libero volutpat nibh, nec\npellentesque velit pede quis nunc.<\/p>\n<\/div>\n<\/div>","hidden_mobile":false}},"fe8940bf-6f18-4e10-bcbc-d93c93c96b22":{"type":"bl_col","settings":{"col_dk":"4","col_tb":"6","col_mb":"12","align_vertical":false,"border_col":false,"content_align":"center","content_align_tablet":"center","content_align_mobile":"center","padding_inner":"30px,50px,30px,","padding_inner_tb":"15px,15px,15px,","padding_inner_mb":"15px,15px,15px,","bg_cl":"rgba(0,0,0,0)","time_animation":1,"animation_delay":40}},"3b8ee7a7-af94-4f9b-adf4-013c6c46c71b":{"type":"html","settings":{"html_content":"<div class=\"bee-d-flex\" style=\"text-align:left;margin-bottom:50px\">\n<img src=\"https:\/\/cdn.shopify.com\/s\/files\/1\/0665\/6039\/3464\/files\/Rectangle_9798.png?v=1668994301\" style=\"widht:64px;height:64px;margin:0 15px\"><div>\n<h3 style=\"font-size:20px;font-weight:500;color:#000\">Fast Delivery<\/h3>\n<p style=\"font-size:16px;font-weight:400;color:#000\">Suspendisse pulvinar, augue ac venenatis\ncondimentum, sem libero volutpat nibh, nec\npellentesque velit pede quis nunc.<\/p>\n<\/div>\n<\/div>","hidden_mobile":false}},"e330ea35-d198-49d9-83f8-701ccd83a6e2":{"type":"html","settings":{"html_content":"<div class=\"bee-d-flex\" style=\"text-align:left;margin-bottom:50px\">\n<img src=\"https:\/\/cdn.shopify.com\/s\/files\/1\/0665\/6039\/3464\/files\/Rectangle_9797.png?v=1668994301\" style=\"widht:64px;height:64px;margin:0 15px\"><div>\n<h3 style=\"font-size:20px;font-weight:500;color:#000\">Quality And Security<\/h3>\n<p style=\"font-size:16px;font-weight:400;color:#000\">Donec libero dolor, tincidunt id laoreet vitae,\nullamcorper eu tortor. Maecenas\npellentesque, dui vitae iaculis mattis<\/p>\n<\/div>\n<\/div>","hidden_mobile":false}},"0aeb8a77-f884-44d0-b309-0665d4cad48a":{"type":"html","settings":{"html_content":"<div class=\"bee-d-flex\" style=\"text-align:left;\">\n<img src=\"https:\/\/cdn.shopify.com\/s\/files\/1\/0665\/6039\/3464\/files\/Rectangle_9796.png?v=1668994301\" style=\"widht:64px;height:64px;margin:0 15px\"><div>\n<h3 style=\"font-size:20px;font-weight:500;color:#000\">Support 24\/7<\/h3>\n<p style=\"font-size:16px;font-weight:400;color:#000\">Nemo enim ipsam voluptatem quia voluptas\nsit aspernatur aut odit aut fugit, sed quia\nconsequuntur magni dolores eos qui ratione<\/p>\n<\/div>\n<\/div>","hidden_mobile":false}}},"block_order":["template--16623394193656__ce9aaeaf-6903-41df-baf0-264e1fd6f782-1668992304c47856df-0","template--16623394193656__ce9aaeaf-6903-41df-baf0-264e1fd6f782-1668992304c47856df-1","template--16623394193656__ce9aaeaf-6903-41df-baf0-264e1fd6f782-1668992304c47856df-3","c1743a57-f96c-40a2-bb86-009d97248b75","4945852a-1e08-4bfc-b281-554181ccdf15","aa1e1654-ed5c-438b-ace5-06e0554366b1","fe8940bf-6f18-4e10-bcbc-d93c93c96b22","3b8ee7a7-af94-4f9b-adf4-013c6c46c71b","e330ea35-d198-49d9-83f8-701ccd83a6e2","0aeb8a77-f884-44d0-b309-0665d4cad48a"],"custom_css":[".bee-col-inner {background-size: contain;}"],"settings":{"space_h_item":"30","space_v_item":"30","space_h_item_tb":"10","space_v_item_tb":"10","space_h_item_mb":"10","space_v_item_mb":"10","layout":"bee-container-wrap","cl_bg":"","cl_bg_gradient":"","mg":",,50px,","pd":"60px,,,","mg_tb":",,50px,","pd_tb":"30px,,,","mg_mb":",,30px,","pd_mb":"30px,,,"}},"d58ec008-1d8f-4853-afae-0161393cd863":{"type":"accordion-with-banner","blocks":{"template--16623394193656__d58ec008-1d8f-4853-afae-0161393cd863-1668763836ec185d92-4":{"type":"banner_parent","settings":{"custom_dk":true,"height_dk":570,"custom_tb":true,"height_tb":400,"custom_mb":true,"height_mb":300,"image":"shopify:\/\/shop_images\/Rectangle_978_copy_3.png","image_size":"cover","image_position":"start","b_link":"","open_link":"_self","img_effect":"none","b_effect":"none","col_dk":"6","col_dk_w":"33.33333","col_tb":"6","col_dk_w_tb":"33.33333","col_mb":"12","content_align":"center","content_align_tb":"center","content_align_mb":"center","content_width":"bee-content-auto","cv_pos":50,"ch_pos":50,"cv_pos_tb":50,"ch_pos_tb":50,"cv_pos_mb":50,"ch_pos_mb":50,"bg_opacity":0,"bg_content_bl":false,"bg_content_cl":"#ffffff","bg_content_op":50,"content_pd_tb":20,"content_pd_lr":20,"content_pd_tb_mb":10,"content_pd_lr_mb":10,"border_bl":false,"br_color":"#222222","br_opacity":50,"br_style":"solid","br_pd":20,"br_pd_mb":10,"time_animation":1,"animation_delay":40}},"template--16623394193656__d58ec008-1d8f-4853-afae-0161393cd863-1668763836ec185d92-5":{"type":"custom_text","settings":{"text":"Our Service","remove_br_tag":false,"tag":"p","fontf":"inherit","text_cl":"#ffffff","text_fs":36,"text_lh":0,"text_fw":500,"text_ls":0,"font_italic":false,"text_shadow":false,"mgb":15,"text_fs_tb":36,"text_lh_tb":0,"text_ls_tb":0,"mgb_tb":10,"hidden_mobile":false,"text_fs_mb":36,"text_lh_mb":0,"text_ls_mb":0,"mgb_mb":10,"animation":"none"}},"template--16623394193656__d58ec008-1d8f-4853-afae-0161393cd863-1668763836ec185d92-0":{"type":"accordion_parent","settings":{"title_pd":"20px 0","border_bt":false,"fs_title":20,"fw_title":500,"fs_content":16,"fw_content":400,"title_cl":"#454545","bg_title_cl":"","title_active_cl":"#151515","bg_title_active_cl":"","content_cl":"","bg_ac_content_cl":"","content_align":"default","col_dk":"5","col_dk_w":"35","col_tb":"6","col_dk_w_tb":"33.33333","col_mb":"12"}},"template--16623394193656__d58ec008-1d8f-4853-afae-0161393cd863-1668763836ec185d92-1":{"type":"accor_item","settings":{"title":"How can l search Cobis Themes?","content":"<p>We love to hear from you on our customer service, merchandise, website or any topics you want to share with us. Your comments and suggestions will be appreciated. Please complete the form below.<\/p>"}},"template--16623394193656__d58ec008-1d8f-4853-afae-0161393cd863-1668763836ec185d92-2":{"type":"accor_item","settings":{"title":"Does the theme support Variant Image ?","content":"<p>Suspendisse pulvinar, augue ac venenatis condimentum, sem libero<br\/>volutpat nibh, nec pellentesque velit pede quis nunc. Vestibulum<br\/>ante ipsum primis in faucibus orci luctus et ultrices posuere cubilia<br\/>Curae<\/p>"}},"template--16623394193656__d58ec008-1d8f-4853-afae-0161393cd863-1668763836ec185d92-3":{"type":"accor_item","settings":{"title":"Excellence is not a skill","content":"<p>We love to hear from you on our customer service, merchandise, website or any topics you want to share with us. Your comments and suggestions will be appreciated. Please complete the form below.<\/p>"}},"dc0aa238-23be-4443-969b-2ad9ab7e5338":{"type":"accor_item","settings":{"title":"How to setup this theme?","content":"<p>Suspendisse pulvinar, augue ac venenatis condimentum, sem libero<br\/>volutpat nibh, nec pellentesque velit pede quis nunc. Vestibulum<br\/>ante ipsum primis in faucibus orci luctus et ultrices posuere cubilia<br\/>Curae<\/p>"}},"1f72f1b5-10d2-4e85-9691-f52a9c4a43b8":{"type":"accor_item","settings":{"title":"Product Design","content":"<p>We love to hear from you on our customer service, merchandise, website or any topics you want to share with us. Your comments and suggestions will be appreciated. Please complete the form below.<\/p>"}},"426e3fbc-a559-45c6-b529-6b56be95a6a1":{"type":"accor_item","settings":{"title":"24\/7 Hours Support","content":"<p>We love to hear from you on our customer service, merchandise, website or any topics you want to share with us. Your comments and suggestions will be appreciated. Please complete the form below.<\/p>"}},"5ca038ea-f99b-470a-9500-fc7a5459e0b2":{"type":"accor_item","settings":{"title":"We create digital services","content":"<p>Suspendisse pulvinar, augue ac venenatis condimentum, sem libero<br\/>volutpat nibh, nec pellentesque velit pede quis nunc. Vestibulum<br\/>ante ipsum primis in faucibus orci luctus et ultrices posuere cubilia<br\/>Curae<\/p>"}}},"block_order":["template--16623394193656__d58ec008-1d8f-4853-afae-0161393cd863-1668763836ec185d92-4","template--16623394193656__d58ec008-1d8f-4853-afae-0161393cd863-1668763836ec185d92-5","template--16623394193656__d58ec008-1d8f-4853-afae-0161393cd863-1668763836ec185d92-0","template--16623394193656__d58ec008-1d8f-4853-afae-0161393cd863-1668763836ec185d92-1","template--16623394193656__d58ec008-1d8f-4853-afae-0161393cd863-1668763836ec185d92-2","template--16623394193656__d58ec008-1d8f-4853-afae-0161393cd863-1668763836ec185d92-3","dc0aa238-23be-4443-969b-2ad9ab7e5338","1f72f1b5-10d2-4e85-9691-f52a9c4a43b8","426e3fbc-a559-45c6-b529-6b56be95a6a1","5ca038ea-f99b-470a-9500-fc7a5459e0b2"],"settings":{"heading_center":true,"top_heading":"","top_subheading":"","auto_active":false,"tophead_mb":30,"tophead_mb_tb":30,"tophead_mb_mb":25,"layout":"bee-container-fluid","cl_bg":"","cl_bg_gradient":"","mg":",,70px,","pd":"","mg_tb":",,50px,","pd_tb":"","mg_mb":",,30px,","pd_mb":""}},"262c66f8-f419-4804-b294-e8f323aed43d":{"type":"our_team","blocks":{"template--16623394193656__262c66f8-f419-4804-b294-e8f323aed43d-166899143647cc4aff-0":{"type":"member","settings":{"image":"shopify:\/\/shop_images\/Layer_635.png","name":"Brock Bundy","position":"CUSTOMER REPRESENTATIVE","descriptions":"","social_twitter_link":"https: \/\/twitter.com\/shopify","social_facebook_link":"https: \/\/facebook.com\/shopify","social_instagram_link":"https: \/\/instagram.com\/shopify","social_linkedin_link":"","social_dribbble_link":"","social_behance_link":"","social_tiktok_link":""}},"template--16623394193656__262c66f8-f419-4804-b294-e8f323aed43d-166899143647cc4aff-1":{"type":"member","settings":{"image":"shopify:\/\/shop_images\/Layer_628.png","name":"Markus Oscar","position":"Developer","descriptions":"","social_twitter_link":"https: \/\/twitter.com\/shopify","social_facebook_link":"https: \/\/facebook.com\/shopify","social_instagram_link":"https: \/\/instagram.com\/shopify","social_linkedin_link":"","social_dribbble_link":"","social_behance_link":"","social_tiktok_link":""}},"template--16623394193656__262c66f8-f419-4804-b294-e8f323aed43d-166899143647cc4aff-2":{"type":"member","settings":{"image":"shopify:\/\/shop_images\/Layer_633.png","name":"Alan Osborne","position":"DESIGNER","descriptions":"","social_twitter_link":"https: \/\/twitter.com\/shopify","social_facebook_link":"https: \/\/facebook.com\/shopify","social_instagram_link":"https: \/\/instagram.com\/shopify","social_linkedin_link":"","social_dribbble_link":"","social_behance_link":"","social_tiktok_link":""}},"f8de47fc-16e3-489c-b8d8-1b0d908ca489":{"type":"member","settings":{"image":"shopify:\/\/shop_images\/Rectangle_982.png","name":"Melio Gride","position":"Developer","descriptions":"","social_twitter_link":"https: \/\/twitter.com\/shopify","social_facebook_link":"https: \/\/facebook.com\/shopify","social_instagram_link":"https: \/\/instagram.com\/shopify","social_linkedin_link":"","social_dribbble_link":"","social_behance_link":"","social_tiktok_link":""}},"8015e83f-83e5-46b7-8453-37f1bb1baf57":{"type":"member","settings":{"image":"shopify:\/\/shop_images\/h8-bn-11.jpg","name":"Tanme Nolike","position":"Developer","descriptions":"","social_twitter_link":"https: \/\/twitter.com\/shopify","social_facebook_link":"https: \/\/facebook.com\/shopify","social_instagram_link":"https: \/\/instagram.com\/shopify","social_linkedin_link":"","social_dribbble_link":"","social_behance_link":"","social_tiktok_link":""}},"3d84cecd-4161-4f6e-bbdc-71d9d55d6a4b":{"type":"member","settings":{"image":"shopify:\/\/shop_images\/h8-bn9.jpg","name":"John Panser","position":"DESIGNER","descriptions":"","social_twitter_link":"https: \/\/twitter.com\/shopify","social_facebook_link":"https: \/\/facebook.com\/shopify","social_instagram_link":"https: \/\/instagram.com\/shopify","social_linkedin_link":"","social_dribbble_link":"","social_behance_link":"","social_tiktok_link":""}},"93e92fb7-178a-40e9-b9b4-0ebee04a7c51":{"type":"member","settings":{"image":"shopify:\/\/shop_images\/h8-bn10.jpg","name":"Casso Jina","position":"SUPPORTER","descriptions":"","social_twitter_link":"https: \/\/twitter.com\/shopify","social_facebook_link":"https: \/\/facebook.com\/shopify","social_instagram_link":"https: \/\/instagram.com\/shopify","social_linkedin_link":"","social_dribbble_link":"","social_behance_link":"","social_tiktok_link":""}}},"block_order":["template--16623394193656__262c66f8-f419-4804-b294-e8f323aed43d-166899143647cc4aff-0","template--16623394193656__262c66f8-f419-4804-b294-e8f323aed43d-166899143647cc4aff-1","template--16623394193656__262c66f8-f419-4804-b294-e8f323aed43d-166899143647cc4aff-2","f8de47fc-16e3-489c-b8d8-1b0d908ca489","8015e83f-83e5-46b7-8453-37f1bb1baf57","3d84cecd-4161-4f6e-bbdc-71d9d55d6a4b","93e92fb7-178a-40e9-b9b4-0ebee04a7c51"],"settings":{"top_heading":"Our Team","top_subheading":"","heading_center":false,"tophead_mb":30,"tophead_mb_tb":30,"tophead_mb_mb":25,"image_ratio":"ratio1_1","layout_des":"2","col_dk":"3","col_tb":"2","col_mb":"2","space_item":"30","space_item_tb":"30","space_item_mb":"30","loop":true,"au_time":0,"au_hover":true,"show_btn":"show_desktop","icon_slider":"1","btn_vi":"hover","btn_pos":"between","btn_shape":"round","btn_cl":"dark","btn_size":"small","btn_distance":90,"show_dots":"show_all","dots_align":"start","dot_owl":"outline-active","dots_cl":"dark","dots_space":10,"dots_round":true,"layout":"bee-container-wrap","cl_bg":"","cl_bg_gradient":"","mg":",,50px,","pd":",,10px,","mg_tb":",,30px,","pd_tb":",,10px,","mg_mb":",,30px,","pd_mb":",,10px,"}}},"order":["heading","main","7d924734-f35a-4a76-b009-a14b6f075008","ce9aaeaf-6903-41df-baf0-264e1fd6f782","d58ec008-1d8f-4853-afae-0161393cd863","262c66f8-f419-4804-b294-e8f323aed43d"]}