{"sections":{"main":{"type":"main-product","blocks":{"title":{"type":"title","settings":{"txt_tr_pr":"none","fnt_df_pr":"1","size_pr":36,"fw_pr":400,"lh_pr":0,"ls_pr":0,"pr_title_color":"#222222"}},"5bd663c7-6f9b-4a73-b831-108f4a60ac6d":{"type":"price_review","settings":{"price":"0","type_sale":"0","tax_ship":true,"rating":true,"review_liquid":"","size_price_pr":20,"fw_price_pr":400,"primary_price_color":"#000","secondary_price_color":"#868686","price_sale":"#fa0000"}},"description":{"type":"description","settings":{"des":"2","text":"<p>A discerning wardrobe consists of timeless basics. Our henley is unmistakably refined, subtle, and features an attractive neckline with a deep five-button placket.<\/p>","length":31,"readm":false,"readm_txt":"Read more"}},"form":{"type":"form","settings":{"selector_mode":"block-fill","color_mode":"color is-sw-cl__round","enable_fit_ratio_img":false,"color_size":"medium","show_qty":false,"qty_full":true,"enable_wishlist":true,"enable_compare":false,"btn_atc_full":true,"w_cp_position":"in_inline","pr_btn_round":5,"ani":"bee-ani-shake","time":6,"btn_txt":"3","btn_icon":true,"button_style":"default","button_color":"primary","button_effect":"fade","show_dynamic_checkout":false,"btn_txt2":"3","button_dynamic_style":"default","button_color_payment":"dark","product_list":["balboa-barstool-natural","avaline-folding-screen","active-cross-back-bra"],"show_product_current":true,"show_text_price":true,"qty_val":"0","advance_label":"Choose style","advance_pr_list":[]}},"meta":{"type":"meta","settings":{"pr_meta_horizontal":false,"show_options":false,"show_vendor":false,"show_type":false,"show_sku":true,"show_barcode":false,"show_available":false,"show_category":true,"show_tags":true}},"7b0615e3-663d-4d51-aa6a-433d2d7c2d3f":{"type":"socials","settings":{"title":"Share","social_mode":"2","social_style":"outline","social_size":"small","bd_radius":30,"use_color_set":true,"pri_cl":"#cccccc","pri_hover_cl":"#222222","space_h_item":"10","space_v_item":"10","space_h_item_mb":"6","space_v_item_mb":"6"}},"7c6fc395-f665-4fe1-bc34-8c2da89792a0":{"type":"delivery_ask_size","settings":{"delivery":true,"page_dr":"delivery-return","ask":true,"phone":true,"size_chart":"3","pos_sizeg":"1","sc_type":"1","page":"size-chart","size_ck":"","icon":"default","icon_name":"las la-ruler-horizontal","ani":"none"}},"3810e774-4f7c-4b33-a282-61ac32fbead6":{"type":"img","settings":{"al":"start","enable_border":false,"mess":"","size":13,"source":"1","image":"shopify:\/\/shop_images\/card.png","wimg":60,"svg":"amazon_payments,american_express,apple_pay,bitcoin,dankort,diners_club,discover,dogecoin,dwolla,forbrugsforeningen,interac,google_pay,jcb,klarna,klarna-pay-later,litecoin,maestro,master,paypal,shopify_pay,sofort,visa","height":50}},"53a1100b-cb21-4c75-a3dd-8d50716024d6":{"type":"tab_des","settings":{"title":"Description"}},"5d77dc9e-55f0-4d00-8956-f9dd8d396f36":{"type":"tab_add","settings":{"title":"Additional Information"}},"ff95afc1-e8e8-4783-acf0-2386fd259cd4":{"type":"tab_rivui","settings":{"title":"Reviews for \"[pr_title]\"","review_liquid":""}}},"block_order":["title","5bd663c7-6f9b-4a73-b831-108f4a60ac6d","description","form","meta","7b0615e3-663d-4d51-aa6a-433d2d7c2d3f","7c6fc395-f665-4fe1-bc34-8c2da89792a0","3810e774-4f7c-4b33-a282-61ac32fbead6","53a1100b-cb21-4c75-a3dd-8d50716024d6","5d77dc9e-55f0-4d00-8956-f9dd8d396f36","ff95afc1-e8e8-4783-acf0-2386fd259cd4"],"settings":{"breadcrumb_design":"default","pr_breadcrumb":true,"back_next_pr":true,"box_border":"top","pr_layout":"default","enable_sticky_info":true,"enable_space_content":true,"media_layout":"thumbnails_left","media_size":"medium","thumb_lr_size":"medium","thumb_lr_hover":"1","image_ratio":"ratioadapt","image_size":"cover","image_position":"8","main_click":"zoom","zoom_tp":"external","enable_zoom_icon":true,"enable_zoom_click_mb":true,"enable_video_looping":false,"enable_video_muting":true,"enable_video_autoplaying":true,"eff":"fade","show_btn":"show_all","btn_vi":"always","btn_owl":"default","btn_shape":"round","btn_cl":"light","btn_size":"medium","show_dots":"hidden","dot_owl":"br-outline","dots_cl":"dark","dots_round":true,"dots_space":10,"tabs_design":"tab","tabs_accordion_mb":true,"enable_line_tabs":true,"tabs_position":"external","enable_first_tab":true,"tabs_layout":"box","bg":"#ffffff","bg_mb":"#ffffff","product_list":[],"sticky_mode":"2","sticky_show":"2","enable_select":true,"ani":"bee-ani-shake","time":6,"pd":",15px,,15px"}},"sidebar":{"type":"sidebar-product","disabled":true,"settings":{"enable_drawer":true,"space":50,"size":"large","br_style":"none","brcolor":"#222222","sidebar_bdr":5,"sidebar_pd":0}},"product-recommendations":{"type":"product-recommendations","settings":{"show":true,"heading_center":false,"top_heading":"You may also like","top_subheading":"","tophead_mb":30,"tophead_mb_tb":30,"tophead_mb_mb":25,"product_des":"1","show_vendor":false,"use_cdt":false,"limit":8,"display_type":"3","image_ratio":"rationt","image_size":"cover","image_position":"8","content_align":"default","col_dk":"4","col_tb":"2","col_mb":"2","space_h_item":"30","space_v_item":"30","space_h_item_tb":"10","space_v_item_tb":"10","space_h_item_mb":"10","space_v_item_mb":"10","layout_des":"2","loop":true,"au_time":0,"au_hover":true,"show_btn":"show_desktop","btn_pos":"between","btn_distance":15,"btn_vi":"hover","btn_owl":"default","btn_shape":"round","btn_cl":"light","btn_size":"small","show_dots":"show_all","dots_align":"center","dot_owl":"default","dots_cl":"custom1","dots_round":true,"dots_space":10,"layout":"bee-container-wrap","cl_bg":"","cl_bg_gradient":"","mg":",,50px,","pd":"","mg_mb":",,30px,","pd_mb":""}},"recently-viewed-products":{"type":"recently_viewed","settings":{"show":true,"heading_center":false,"top_heading":"Recent products","top_subheading":"","tophead_mb":30,"tophead_mb_tb":30,"tophead_mb_mb":25,"product_des":"1","show_vendor":false,"use_cdt":false,"limit":8,"sortby":"3","unavailable_prs":"show","image_ratio":"rationt","image_size":"cover","image_position":"8","content_align":"default","col_dk":"4","col_tb":"2","col_mb":"2","space_h_item":"30","space_v_item":"30","space_h_item_tb":"10","space_v_item_tb":"10","space_h_item_mb":"10","space_v_item_mb":"10","layout_des":"2","loop":true,"au_time":0,"au_hover":true,"show_btn":"show_desktop","btn_pos":"between","btn_distance":15,"btn_vi":"hover","btn_owl":"default","btn_shape":"round","btn_cl":"light","btn_size":"small","show_dots":"show_all","dots_align":"center","dot_owl":"default","dots_cl":"custom1","dots_round":true,"dots_space":10,"layout":"bee-container-wrap","cl_bg":"","cl_bg_gradient":"","mg":",,50px,","pd":"","mg_mb":",,30px,","pd_mb":""}}},"order":["main","sidebar","product-recommendations","recently-viewed-products"]}